# GNESTE Database | Solar Power | 2024.04.17 | CC-BY-4.0 | Citation: Nathan Johnson, Luke Hatton, Lara Dixon, Bosi Mosongo, Fynn Kiley, Savanha De Kock, Andrew Marquard, Mark Howells, Iain Staffell. The Global and National Energy Systems Techno-Economic (GNESTE) Database: Economic and performance data for solar power in current and future electricity systems. 2024. Submitted to Data in Brief.
ID,Continent,Country,ISO2,ISO3,Variable,Code,Unit,Category,Source,Notes,Currency,Energy/Power Ratio,2014,2015,2016,2017,2018,2019,2020,2021,2022,2023,2024,2025,2030,2040,2050
S0001,Asia,,,,Lifetime,LIFETIME,Years,Unspecified,"ASEAN Centre for Energy, 2019",,,,,,,,,25,,,,,,,,,
S0002,Asia,Indonesia,ID,IDN,Capital Cost,CAPEX,USD/kW,Unspecified,"ASEAN Centre for Energy, 2019",Highest out of 2 data points for large-scale solar PV,From 2019 USD to 2023 USD = 1.12020,,,,,,,2492.445,,,,,,,,,
S0003,Asia,Indonesia,ID,IDN,Capital Cost,CAPEX,USD/kW,Unspecified,"ASEAN Centre for Energy, 2019",Lowest out of 2 data points for large-scale solar PV,From 2019 USD to 2023 USD = 1.12020,,,,,,,2016.36,,,,,,,,,
S0004,Asia,Malaysia,MY,MYS,Capital Cost,CAPEX,USD/kW,Unspecified,"ASEAN Centre for Energy, 2019",Highest out of 6 data points for large-scale solar PV,From 2019 USD to 2023 USD = 1.12020,,,,,,,1635.492,,,,,,,,,
S0005,Asia,Malaysia,MY,MYS,Capital Cost,CAPEX,USD/kW,Unspecified,"ASEAN Centre for Energy, 2019",Lowest out of 6 data points for large-scale solar PV,From 2019 USD to 2023 USD = 1.12020,,,,,,,2890.116,,,,,,,,,
S0006,Asia,Philippines,PH,PHL,Capital Cost,CAPEX,USD/kW,Unspecified,"ASEAN Centre for Energy, 2019",Highest out of 4 data points for large-scale solar PV,From 2019 USD to 2023 USD = 1.12020,,,,,,,2643.672,,,,,,,,,
S0007,Asia,Philippines,PH,PHL,Capital Cost,CAPEX,USD/kW,Unspecified,"ASEAN Centre for Energy, 2019",Lowest out of 4 data points for large-scale solar PV,From 2019 USD to 2023 USD = 1.12020,,,,,,,1814.724,,,,,,,,,
S0008,Asia,Thailand,TH,THA,Capital Cost,CAPEX,USD/kW,Unspecified,"ASEAN Centre for Energy, 2019",Highest out of 2 data points for large-scale solar PV,From 2019 USD to 2023 USD = 1.12020,,,,,,,2094.774,,,,,,,,,
S0009,Asia,Thailand,TH,THA,Capital Cost,CAPEX,USD/kW,Unspecified,"ASEAN Centre for Energy, 2019",Lowest out of 2 data points for large-scale solar PV,From 2019 USD to 2023 USD = 1.12020,,,,,,,2419.632,,,,,,,,,
S0010,Asia,,,,Capital Cost,CAPEX,USD/kW,Unspecified,"ASEAN Centre for Energy, 2019",Capacity-weighted average for large-scale solar PV,From 2019 USD to 2023 USD = 1.12020,,,,,,,2254.9626,,,,,,,,,
S0011,Asia,,,,Cost of Capital,WACC,%,Unspecified,"ASEAN Centre for Energy, 2019",Nominal WACC for utility scale. Real WACC is 2.1%,,,,,,,,0.041,,,,,,,,,
S0012,North America,United States of America,US,USA,Lifetime,LIFETIME,Years,Unspecified,"LBNL, 2020",Median Value,,,,,,,,32.5,32.5,32.5,32.5,32.5,32.5,,,,
S0013,North America,United States of America,US,USA,Total O&M,OPEX_T,USD/kW/yr,Unspecified,"LBNL, 2020","Mix of tracking and fixed tilt Solar, 2019 range from 13 to 25 kW/yr",From 2019 USD to 2023 USD = 1.12020,,,,,,16.803,19.0434,,,,,,,,,
S0014,North America,United States of America,US,USA,Capital Cost,CAPEX,USD/kW,Single Axis Tracking,"EIA, 2020",,From 2019 USD to 2023 USD = 1.12020,,,,,,,1470.8226,,,,,,,,,
S0015,North America,United States of America,US,USA,Total O&M,OPEX_T,USD/kW/yr,Single Axis Tracking,"EIA, 2020",,From 2019 USD to 2023 USD = 1.12020,,,,,,,17.08305,,,,,,,,,
S0016,North America,United States of America,US,USA,Capital Cost,CAPEX,USD/kW,Single Axis Tracking,"EIA, 2024",,In 2023 USD,,,,,,,,,,,1502,,,,,
S0017,North America,United States of America,US,USA,Total O&M,OPEX_T,USD/kW/yr,Single Axis Tracking,"EIA, 2024",,In 2023 USD,,,,,,,,,,,20.23,,,,,
S0018,Oceania,Australia,AU,AUS,Capital Cost,CAPEX,USD/kW,Unspecified,"CSIRO, 2023",Under the Current Policies scenario,From 2023 AUD to 2023 USD = 0.65730,,,,,,,,,,1033.2756,996.4668,924.8211,855.1473,695.4234,551.4747,444.3348
S0019,Oceania,Australia,AU,AUS,Capital Cost,CAPEX,USD/kW,Unspecified,"CSIRO, 2023",Under the Global NZE by 2050 scenario,From 2023 AUD to 2023 USD = 0.65730,,,,,,,,,,1033.2756,996.4668,935.9952,886.0404,703.9683,429.2169,337.1949
S0020,Oceania,Australia,AU,AUS,Capital Cost,CAPEX,USD/kW,Unspecified,"CSIRO, 2023",Under the Global NZE post 2050 scenario,From 2023 AUD to 2023 USD = 0.65730,,,,,,,,,,1033.2756,996.4668,935.9952,886.0404,703.9683,451.5651,385.1778
S0021,Asia,India,IN,IND,Construction Time,BUILDTIME,Years,Unspecified,"Danish Energy Agency, 2022",,,,,,,,,,0.75,,,,,,0.5,0.5,0.5
S0022,Asia,India,IN,IND,Lifetime,LIFETIME,Years,Unspecified,"Danish Energy Agency, 2022",Technical Lifetime,,,,,,,,,25,,,,,,,,
S0023,Asia,India,IN,IND,Fixed O&M,OPEX_F,USD/kW/yr,Unspecified,"Danish Energy Agency, 2022",Large scale utility systems,From 2020 IRP to 2023 USD = 0.0148565,,,,,,,,24.6606,,,,,,4.902645,3.416995,2.07991
S0024,Asia,India,IN,IND,Capital Cost,CAPEX,USD/kW,Unspecified,"Danish Energy Agency, 2022",Large scale utility systems,From 2020 IRP to 2023 USD = 0.0148565,,,,,,,,609.1165,,,,,,430.8385,297.13,252.5605
S0025,Africa,South Africa,ZA,ZAF,Capital Cost,CAPEX,USD/kW,Single Axis Tracking,"DMRE, 2019",,From 2017 USD to 2023 USD = 1.16892,,,,,1263.9549,,,894.92417,,,,,840.0544,,,
S0026,Africa,South Africa,ZA,ZAF,Total O&M,OPEX_T,USD/kW/yr,Fixed Axis,"DMRE, 2019",,From 2017 USD to 2023 USD = 1.16892,,,,,23.05734723,,,,,,,,,,,
S0027,Africa,South Africa,ZA,ZAF,Total O&M,OPEX_T,USD/kW/yr,Single Axis Tracking,"DMRE, 2019",,From 2017 USD to 2023 USD = 1.16892,,,,,24.43162621,,,,,,,,,,,
S0028,Africa,South Africa,ZA,ZAF,Construction Time,BUILDTIME,Years,Fixed Axis,"DMRE, 2019",,,,,,,1,,,,,,,,,,,
S0029,Africa,South Africa,ZA,ZAF,Construction Time,BUILDTIME,Years,Single Axis Tracking,"DMRE, 2019",,,,,,,1,,,,,,,,,,,
S0030,South America,Brazil,BR,BRA,Cost of Capital,WACC,%,Unspecified,"Dobrotkova, 2018",,,,0.057,0.054,,,,,,,,,,,,,
S0031,South America,Chile,CL,CHL,Cost of Capital,WACC,%,Unspecified,"Dobrotkova, 2018",,,,,0.043,0.041,,,,,,,,,,,,
S0032,North America,El Salvador,SV,SLV,Cost of Capital,WACC,%,Unspecified,"Dobrotkova, 2018",,,,0.048,,,,,,,,,,,,,,
S0033,North America,Guatemala,GT,GTM,Cost of Capital,WACC,%,Unspecified,"Dobrotkova, 2018",,,,0.085,,,,,,,,,,,,,,
S0034,Asia,India,IN,IND,Cost of Capital,WACC,%,Unspecified,"Dobrotkova, 2018",,,,0.09,0.095,,,,,,,,,,,,,
S0035,North America,Jamaica,JM,JAM,Cost of Capital,WACC,%,Unspecified,"Dobrotkova, 2018",,,,,,0.039,,,,,,,,,,,,
S0036,Middle East,Jordan,JO,JOR,Cost of Capital,WACC,%,Unspecified,"Dobrotkova, 2018",,,,,,0.045,,,,,,,,,,,,
S0037,South America,Peru,PE,PER,Cost of Capital,WACC,%,Unspecified,"Dobrotkova, 2018",,,,,0.043,0.029,,,,,,,,,,,,
S0038,North America,Mexico,MX,MEX,Cost of Capital,WACC,%,Unspecified,"Dobrotkova, 2018",,,,,,0.045,,,,,,,,,,,,
S0039,Africa,South Africa,ZA,ZAF,Cost of Capital,WACC,%,Unspecified,"Dobrotkova, 2018",,,,,0.058,,,,,,,,,,,,,
S0040,Africa,Uganda,UG,UGA,Cost of Capital,WACC,%,Unspecified,"Dobrotkova, 2018",,,,0.066,,,,,,,,,,,,,,
S0041,Middle East,United Arab Emirates,AE,ARE,Cost of Capital,WACC,%,Unspecified,"Dobrotkova, 2018",,,,0.05,,0.052,,,,,,,,,,,,
S0042,Africa,Zambia,ZM,ZMB,Cost of Capital,WACC,%,Unspecified,"Dobrotkova, 2018",,,,,,0.038,,,,,,,,,,,,
S0043,Europe,Belgium,BE,BEL,Cost of Capital,WACC,%,Unspecified,"Steffen, 2020",,,,,,0.025,,,,,,,,,,,,
S0044,South America,Brazil,BR,BRA,Cost of Capital,WACC,%,Unspecified,"Steffen, 2020",,,,,,0.064,,,,,,,,,,,,
S0045,Asia,Cambodia,KH,KHM,Cost of Capital,WACC,%,Unspecified,"Steffen, 2020",,,,,,0.104,,,,,,,,,,,,
S0046,South America,Chile,CL,CHL,Cost of Capital,WACC,%,Unspecified,"Steffen, 2020",,,,,,0.049,,,,,,,,,,,,
S0047,Asia,China,CN,CHN,Cost of Capital,WACC,%,Unspecified,"Steffen, 2020",,,,,,0.074,,,,,,,,,,,,
S0048,North America,El Salvador,SV,SLV,Cost of Capital,WACC,%,Unspecified,"Steffen, 2020",,,,,,0.061,,,,,,,,,,,,
S0049,Europe,Germany,DE,DEU,Cost of Capital,WACC,%,Unspecified,"Steffen, 2020",,,,,,0.027,,,,,,,,,,,,
S0050,Europe,Greece,GR,GRC,Cost of Capital,WACC,%,Unspecified,"Steffen, 2020",,,,,,0.118,,,,,,,,,,,,
S0051,North America,Guatemala,GT,GTM,Cost of Capital,WACC,%,Unspecified,"Steffen, 2020",,,,,,0.097,,,,,,,,,,,,
S0052,Asia,India,IN,IND,Cost of Capital,WACC,%,Unspecified,"Steffen, 2020",,,,,,0.106,,,,,,,,,,,,
S0053,North America,Jamaica,JM,JAM,Cost of Capital,WACC,%,Unspecified,"Steffen, 2020",,,,,,0.043,,,,,,,,,,,,
S0054,Middle East,Jordan,JO,JOR,Cost of Capital,WACC,%,Unspecified,"Steffen, 2020",,,,,,0.055,,,,,,,,,,,,
S0055,Asia,Malaysia,MY,MYS,Cost of Capital,WACC,%,Unspecified,"Steffen, 2020",,,,,,0.104,,,,,,,,,,,,
S0056,North America,Mexico,MX,MEX,Cost of Capital,WACC,%,Unspecified,"Steffen, 2020",,,,,,0.049,,,,,,,,,,,,
S0057,South America,Peru,PE,PER,Cost of Capital,WACC,%,Unspecified,"Steffen, 2020",,,,,,0.043,,,,,,,,,,,,
S0058,Middle East,Saudi Arabia,SA,SAU,Cost of Capital,WACC,%,Unspecified,"Steffen, 2020",,,,,,0.042,,,,,,,,,,,,
S0059,Africa,South Africa,ZA,ZAF,Cost of Capital,WACC,%,Unspecified,"Steffen, 2020",,,,,,0.066,,,,,,,,,,,,
S0060,Asia,Thailand,TH,THA,Cost of Capital,WACC,%,Unspecified,"Steffen, 2020",,,,,,0.119,,,,,,,,,,,,
S0061,Africa,Uganda,UG,UGA,Cost of Capital,WACC,%,Unspecified,"Steffen, 2020",,,,,,0.078,,,,,,,,,,,,
S0062,Middle East,United Arab Emirates,AE,ARE,Cost of Capital,WACC,%,Unspecified,"Steffen, 2020",,,,,,0.055,,,,,,,,,,,,
S0063,Asia,Viet Nam,VN,VNM,Cost of Capital,WACC,%,Unspecified,"Steffen, 2020",,,,,,0.104,,,,,,,,,,,,
S0064,Africa,Zambia,ZM,ZMB,Cost of Capital,WACC,%,Unspecified,"Steffen, 2020",,,,,,0.042,,,,,,,,,,,,
S0065,Europe,Netherlands,NL,NLD,Capital Cost,CAPEX,USD/kW,Unspecified,"ECN, 2019",Min value,From 2015 USD to 2023 USD = 1.19245,,,,,,,756.0133,,,,,,,,,
S0066,Europe,Netherlands,NL,NLD,Capital Cost,CAPEX,USD/kW,Unspecified,"ECN, 2019",Average value,From 2015 USD to 2023 USD = 1.19245,,,,,,,787.017,,,,,,,,,
S0067,Europe,Netherlands,NL,NLD,Capital Cost,CAPEX,USD/kW,Unspecified,"ECN, 2019",Max value,From 2015 USD to 2023 USD = 1.19245,,,,,,,819.21315,,,,,,,,,
S0068,Europe,Netherlands,NL,NLD,Lifetime,LIFETIME,Years,Unspecified,"ECN, 2019",,,,,25,,,,,,,,,,,,,
S0069,Europe,European Union,,,Capital Cost,CAPEX,USD/kW,Unspecified,"ASSET, 2018",Projection 2018 Medium Potential Solar PV,From 2018 EUR to 2023 USD = 1.21197,,,,,,,,860.4987,,,,,,,,
S0070,Europe,European Union,,,Total O&M,OPEX_T,USD/kW/yr,Unspecified,"ASSET, 2018",Projection 2018 Medium Potential Solar PV,From 2018 EUR to 2023 USD = 1.21197,,,,,,,,15.270822,,,,,,12.846882,12.1197,11.150124
S0071,Europe,European Union,,,Capital Cost,CAPEX,USD/kW,Unspecified,"ASSET, 2018",Projection 2018 High Potential Solar PV,From 2018 EUR to 2023 USD = 1.21197,,,,,,,,848.379,,,,,,,,
S0072,Europe,European Union,,,Total O&M,OPEX_T,USD/kW/yr,Unspecified,"ASSET, 2018",Projection 2018 High Potential Solar PV,From 2018 EUR to 2023 USD = 1.21197,,,,,,,,15.75561,,,,,,14.786034,13.937655,13.089276
S0073,Europe,European Union,,,Capital Cost,CAPEX,USD/kW,Unspecified,"ASSET, 2018",Projection 2018 low potential solar PV,From 2018 EUR to 2023 USD = 1.21197,,,,,,,,873.83037,,,,,,,,
S0074,Europe,European Union,,,Total O&M,OPEX_T,USD/kW/yr,Unspecified,"ASSET, 2018",Projection 2018 low potential solar PV,From 2018 EUR to 2023 USD = 1.21197,,,,,,,,22,,,,,,15,13,11
S0075,Global,Global,,,Capital Cost,CAPEX,USD/kW,Single Axis Tracking,"JRC, 2017",Min value,From 2015 EUR to 2023 USD = 1.25458,,,1405.1296,,,,,890.7518,,,,,,,,
S0076,Global,Global,,,Capital Cost,CAPEX,USD/kW,Single Axis Tracking,"JRC, 2017",Baseline value,From 2015 EUR to 2023 USD = 1.25458,,,1405.1296,,,,,1141.6678,,,,,,,,
S0077,Global,Global,,,Capital Cost,CAPEX,USD/kW,Single Axis Tracking,"JRC, 2017",Max value,From 2015 EUR to 2023 USD = 1.25458,,,1405.1296,,,,,1267.1258,,,,,,,,
S0078,Global,Global,,,Fixed O&M,OPEX_F,USD/kW/yr,Single Axis Tracking,"JRC, 2017",Min value,From 2015 EUR to 2023 USD = 1.25458,,,32.3179808,,,,,20.4872914,,,,,,12.4077962,9.8108156,8.0794952
S0079,Global,Global,,,Fixed O&M,OPEX_F,USD/kW/yr,Single Axis Tracking,"JRC, 2017",Baseline value,From 2015 EUR to 2023 USD = 1.25458,,,32.3179808,,,,,26.2583594,,,,,,22.7957186,18.4674176,15.870437
S0080,Global,Global,,,Fixed O&M,OPEX_F,USD/kW/yr,Single Axis Tracking,"JRC, 2017",Max value,From 2015 EUR to 2023 USD = 1.25458,,,32.3179808,,,,,29.1438934,,,,,,27.412573,24.8155924,23.084272
S0081,Global,Global,,,Capital Cost,CAPEX,USD/kW,Fixed Axis,"JRC, 2017",Min value,From 2015 EUR to 2023 USD = 1.25458,,,1279.6716,,,,,815.477,,,,,,,,
S0082,Global,Global,,,Capital Cost,CAPEX,USD/kW,Fixed Axis,"JRC, 2017",Baseline value,From 2015 EUR to 2023 USD = 1.25458,,,1279.6716,,,,,1041.3014,,,,,,,,
S0083,Global,Global,,,Capital Cost,CAPEX,USD/kW,Fixed Axis,"JRC, 2017",Max value,From 2015 EUR to 2023 USD = 1.25458,,,1279.6716,,,,,1154.2136,,,,,,,,
S0084,Global,Global,,,Fixed O&M,OPEX_F,USD/kW/yr,Fixed Axis,"JRC, 2017",Min value,From 2015 EUR to 2023 USD = 1.25458,,,21.7544172,,,,,15.431334,,,,,,8.3178654,6.6116366,5.5452436
S0085,Global,Global,,,Fixed O&M,OPEX_F,USD/kW/yr,Fixed Axis,"JRC, 2017",Baseline value,From 2015 EUR to 2023 USD = 1.25458,,,21.7544172,,,,,19.696906,,,,,,15.3560592,12.3701588,10.66393
S0086,Global,Global,,,Fixed O&M,OPEX_F,USD/kW/yr,Fixed Axis,"JRC, 2017",Max value,From 2015 EUR to 2023 USD = 1.25458,,,21.7544172,,,,,21.829692,,,,,,18.5552382,16.6357308,15.5693378
S0087,Global,Global,,,Lifetime,LIFETIME,Years,Unspecified,"JRC, 2017",,,,,25,,,,,25,,,,,,,,
S0088,Europe,Germany,DE,DEU,Capital Cost,CAPEX,USD/kW,Unspecified,"Fraunhofer ISE, 2021","Utility-scale PV, low estimate. ",From 2021 EUR to 2023 USD = 1.13948,,,,,,,,,603.9244,,,,,,,
S0089,Europe,Germany,DE,DEU,Capital Cost,CAPEX,USD/kW,Unspecified,"Fraunhofer ISE, 2021","Utility-scale PV, high estimate. ",From 2021 EUR to 2023 USD = 1.13948,,,,,,,,,911.584,,,,,,,
S0090,Europe,Germany,DE,DEU,Total O&M,OPEX_T,USD/kW/yr,Unspecified,"Fraunhofer ISE, 2021","Utility-scale PV, ",From 2021 EUR to 2023 USD = 1.13948,,,,,,,,,15.155084,,,,,,,
S0091,Europe,Germany,DE,DEU,Cost of Capital,WACC,%,Unspecified,"Fraunhofer ISE, 2021","Utility-scale PV, nominal WACC. Real is 2.5%",,,,,,,,,,0.037,,,,,,,
S0092,South America,Brazil,BR,BRA,Cost of Capital,WACC,%,Unspecified,"IEA, 2021",100MW Solar Project - WACC nominal post tax - Min Value,,,,,,,,0.073,,0.066,0.057,,,,,,
S0093,South America,Brazil,BR,BRA,Cost of Capital,WACC,%,Unspecified,"IEA, 2021",100MW Solar Project - WACC nominal post tax - Max Value,,,,,,,,0.167,,0.183,0.153,,,,,,
S0094,South America,Brazil,BR,BRA,Cost of Capital,WACC,%,Unspecified,"IEA, 2021",100MW Solar Project - WACC nominal post tax - Median Value,,,,,,,,0.123,,0.13,0.113,,,,,,
S0095,Asia,India,IN,IND,Cost of Capital,WACC,%,Unspecified,"IEA, 2021",100MW Solar Project - WACC nominal post tax - Min Value,,,,,,,,0.068,,0.068,0.05,,,,,,
S0096,Asia,India,IN,IND,Cost of Capital,WACC,%,Unspecified,"IEA, 2021",100MW Solar Project - WACC nominal post tax - Max Value,,,,,,,,0.159,,0.17,0.14,,,,,,
S0097,Asia,India,IN,IND,Cost of Capital,WACC,%,Unspecified,"IEA, 2021",100MW Solar Project - WACC nominal post tax - Median Value,,,,,,,,0.095,,0.098,0.095,,,,,,
S0098,Asia,Indonesia,ID,IDN,Cost of Capital,WACC,%,Unspecified,"IEA, 2021",100MW Solar Project - WACC nominal post tax - Min Value,,,,,,,,0.057,,0.057,0.064,,,,,,
S0099,Asia,Indonesia,ID,IDN,Cost of Capital,WACC,%,Unspecified,"IEA, 2021",100MW Solar Project - WACC nominal post tax - Max Value,,,,,,,,0.148,,0.155,0.14,,,,,,
S0100,Asia,Indonesia,ID,IDN,Cost of Capital,WACC,%,Unspecified,"IEA, 2021",100MW Solar Project - WACC nominal post tax - Median Value,,,,,,,,0.093,,0.1,0.083,,,,,,
S0101,North America,Mexico,MX,MEX,Cost of Capital,WACC,%,Unspecified,"IEA, 2021",100MW Solar Project - WACC nominal post tax - Min Value,,,,,,,,0.063,,0.06,0.07,,,,,,
S0102,North America,Mexico,MX,MEX,Cost of Capital,WACC,%,Unspecified,"IEA, 2021",100MW Solar Project - WACC nominal post tax - Max Value,,,,,,,,0.132,,0.131,0.159,,,,,,
S0103,North America,Mexico,MX,MEX,Cost of Capital,WACC,%,Unspecified,"IEA, 2021",100MW Solar Project - WACC nominal post tax - Median Value,,,,,,,,0.098,,0.098,0.11,,,,,,
S0104,Africa,South Africa,ZA,ZAF,Cost of Capital,WACC,%,Unspecified,"IEA, 2021",100MW Solar Project - WACC nominal post tax - Min Value,,,,,,,,0.066,,0.058,0.06,,,,,,
S0105,Africa,South Africa,ZA,ZAF,Cost of Capital,WACC,%,Unspecified,"IEA, 2021",100MW Solar Project - WACC nominal post tax - Max Value,,,,,,,,0.171,,0.181,0.175,,,,,,
S0106,Africa,South Africa,ZA,ZAF,Cost of Capital,WACC,%,Unspecified,"IEA, 2021",100MW Solar Project - WACC nominal post tax - Median Value,,,,,,,,0.103,,0.103,0.11,,,,,,
S0107,North America,United States of America,US,USA,Capital Cost,CAPEX,USD/kW,Unspecified,"IEA, 2023",STEPS Scenario,From 2022 USD to 2023 USD = 1.03957,,,,,,,,,,1164.3184,,,,,,
S0108,North America,United States of America,US,USA,Total O&M,OPEX_T,USD/MWh,Unspecified,"IEA, 2023",STEPS Scenario,From 2022 USD to 2023 USD = 1.03957,,,,,,,,,,10.3957,,,,10.3957,,10.3957
S0109,North America,United States of America,US,USA,Capital Cost,CAPEX,USD/kW,Unspecified,"IEA, 2023",APS Scenario,From 2022 USD to 2023 USD = 1.03957,,,,,,,,,,1164.3184,,,,,,
S0110,North America,United States of America,US,USA,Total O&M,OPEX_T,USD/MWh,Unspecified,"IEA, 2023",APS Scenario,From 2022 USD to 2023 USD = 1.03957,,,,,,,,,,10.3957,,,,10.3957,,10.3957
S0111,North America,United States of America,US,USA,Capital Cost,CAPEX,USD/kW,Unspecified,"IEA, 2023",NZE Scenario,From 2022 USD to 2023 USD = 1.03957,,,,,,,,,,1164.3184,,,,,,
S0112,North America,United States of America,US,USA,Total O&M,OPEX_T,USD/MWh,Unspecified,"IEA, 2023",NZE Scenario,From 2022 USD to 2023 USD = 1.03957,,,,,,,,,,10.3957,,,,10.3957,,10.3957
S0113,Europe,European Union,,,Capital Cost,CAPEX,USD/kW,Unspecified,"IEA, 2023",STEPS Scenario,From 2022 USD to 2023 USD = 1.03957,,,,,,,,,,1029.1743,,,,,,
S0114,Europe,European Union,,,Total O&M,OPEX_T,USD/MWh,Unspecified,"IEA, 2023",STEPS Scenario,From 2022 USD to 2023 USD = 1.03957,,,,,,,,,,10.3957,,,,10.3957,,10.3957
S0115,Europe,European Union,,,Capital Cost,CAPEX,USD/kW,Unspecified,"IEA, 2023",APS Scenario,From 2022 USD to 2023 USD = 1.03957,,,,,,,,,,1029.1743,,,,,,
S0116,Europe,European Union,,,Total O&M,OPEX_T,USD/MWh,Unspecified,"IEA, 2023",APS Scenario,From 2022 USD to 2023 USD = 1.03957,,,,,,,,,,10.3957,,,,10.3957,,10.3957
S0117,Europe,European Union,,,Capital Cost,CAPEX,USD/kW,Unspecified,"IEA, 2023",NZE Scenario,From 2022 USD to 2023 USD = 1.03957,,,,,,,,,,1029.1743,,,,,,
S0118,Europe,European Union,,,Total O&M,OPEX_T,USD/MWh,Unspecified,"IEA, 2023",NZE Scenario,From 2022 USD to 2023 USD = 1.03957,,,,,,,,,,10.3957,,,,10.3957,,10.3957
S0119,Asia,China,CN,CHN,Capital Cost,CAPEX,USD/kW,Unspecified,"IEA, 2023",STEPS Scenario,From 2022 USD to 2023 USD = 1.03957,,,,,,,,,,748.4904,,,,,,
S0120,Asia,China,CN,CHN,Total O&M,OPEX_T,USD/MWh,Unspecified,"IEA, 2023",STEPS Scenario,From 2022 USD to 2023 USD = 1.03957,,,,,,,,,,10.3957,,,,10.3957,,10.3957
S0121,Asia,China,CN,CHN,Capital Cost,CAPEX,USD/kW,Unspecified,"IEA, 2023",APS Scenario,From 2022 USD to 2023 USD = 1.03957,,,,,,,,,,748.4904,,,,,,
S0122,Asia,China,CN,CHN,Total O&M,OPEX_T,USD/MWh,Unspecified,"IEA, 2023",APS Scenario,From 2022 USD to 2023 USD = 1.03957,,,,,,,,,,10.3957,,,,10.3957,,5.19785
S0123,Asia,China,CN,CHN,Capital Cost,CAPEX,USD/kW,Unspecified,"IEA, 2023",NZE Scenario,From 2022 USD to 2023 USD = 1.03957,,,,,,,,,,748.4904,,,,,,
S0124,Asia,China,CN,CHN,Total O&M,OPEX_T,USD/MWh,Unspecified,"IEA, 2023",NZE Scenario,From 2022 USD to 2023 USD = 1.03957,,,,,,,,,,10.3957,,,,10.3957,,5.19785
S0125,Asia,India,IN,IND,Capital Cost,CAPEX,USD/kW,Unspecified,"IEA, 2023",STEPS Scenario,From 2022 USD to 2023 USD = 1.03957,,,,,,,,,,665.3248,,,,,,
S0126,Asia,India,IN,IND,Total O&M,OPEX_T,USD/MWh,Unspecified,"IEA, 2023",STEPS Scenario,From 2022 USD to 2023 USD = 1.03957,,,,,,,,,,5.19785,,,,5.19785,,5.19785
S0127,Asia,India,IN,IND,Capital Cost,CAPEX,USD/kW,Unspecified,"IEA, 2023",APS Scenario,From 2022 USD to 2023 USD = 1.03957,,,,,,,,,,665.3248,,,,,,
S0128,Asia,India,IN,IND,Total O&M,OPEX_T,USD/MWh,Unspecified,"IEA, 2023",APS Scenario,From 2022 USD to 2023 USD = 1.03957,,,,,,,,,,5.19785,,,,5.19785,,5.19785
S0129,Asia,India,IN,IND,Capital Cost,CAPEX,USD/kW,Unspecified,"IEA, 2023",NZE Scenario,From 2022 USD to 2023 USD = 1.03957,,,,,,,,,,665.3248,,,,,,
S0130,Asia,India,IN,IND,Total O&M,OPEX_T,USD/MWh,Unspecified,"IEA, 2023",NZE Scenario,From 2022 USD to 2023 USD = 1.03957,,,,,,,,,,5.19785,,,,5.19785,,5.19785
S0131,Africa,South Africa,ZA,ZAF,Capital Cost,CAPEX,USD/kW,Unspecified,"IEA, 2020b",,From 2020 USD to 2023 USD = 1.10045,,,2274.63015,2364.86705,2323.04995,1838.961995,1453.69445,,,,,,,,,
S0132,Asia,Indonesia,ID,IDN,Capital Cost,CAPEX,USD/kW,Unspecified,"IEA, 2020b",,From 2020 USD to 2023 USD = 1.10045,,,2290.03645,2465.008,1955.93983,1551.6345,1231.40355,,,,,,,,,
S0133,South America,Brazil,BR,BRA,Capital Cost,CAPEX,USD/kW,Unspecified,"IEA, 2020b",,From 2020 USD to 2023 USD = 1.10045,,,2308.7441,2274.63015,1973.657075,1672.684,1382.1652,,,,,,,,,
S0134,Asia,India,IN,IND,Capital Cost,CAPEX,USD/kW,Unspecified,"IEA, 2020b",,From 2020 USD to 2023 USD = 1.10045,,,1466.89985,1231.40355,1228.1022,872.65685,745.00465,,,,,,,,,
S0135,Asia,Thailand,TH,THA,Capital Cost,CAPEX,USD/kW,Unspecified,"IEA, 2020b",,From 2020 USD to 2023 USD = 1.10045,,,1788.67143,1567.26089,1345.85035,1181.44312,1108.15315,,,,,,,,,
S0136,North America,Mexico,MX,MEX,Capital Cost,CAPEX,USD/kW,Unspecified,"IEA, 2020b",,From 2020 USD to 2023 USD = 1.10045,,,2274.63015,2017.454985,1757.088515,1496.612,990.405,,,,,,,,,
S0137,Global,Global,,,Lifetime,LIFETIME,Years,Unspecified,"IEA, 2020a","Lifetime for Solar PV, onshore and offshore wind",,,,,,,,,25,,,,,,,,
S0138,Global,Global,,,Capital Cost,CAPEX,USD/kW,Unspecified,"IEA, 2020a",Minimum value,From 2018 USD to 2023 USD = 1.14713,,,,,,,,,,,,,612.56742,,,
S0139,Global,Global,,,Capital Cost,CAPEX,USD/kW,Unspecified,"IEA, 2020a",Mean value,From 2018 USD to 2023 USD = 1.14713,,,,,,,,,,,,,1141.39435,,,
S0140,Global,Global,,,Capital Cost,CAPEX,USD/kW,Unspecified,"IEA, 2020a",Median value,From 2018 USD to 2023 USD = 1.14713,,,,,,,,,,,,,1058.80099,,,
S0141,Global,Global,,,Capital Cost,CAPEX,USD/kW,Unspecified,"IEA, 2020a",Max value,From 2018 USD to 2023 USD = 1.14713,,,,,,,,,,,,,2301.14278,,,
S0142,Global,Global,,,Total O&M,OPEX_T,USD/kW/yr,Unspecified,"IEA, 2020a",Minimum value,From 2018 USD to 2023 USD = 1.14713,,,,,,,,,,,,,4.58852,,,
S0143,Global,Global,,,Total O&M,OPEX_T,USD/kW/yr,Unspecified,"IEA, 2020a",Mean value,From 2018 USD to 2023 USD = 1.14713,,,,,,,,,,,,,13.76556,,,
S0144,Global,Global,,,Total O&M,OPEX_T,USD/kW/yr,Unspecified,"IEA, 2020a",Median value,From 2018 USD to 2023 USD = 1.14713,,,,,,,,,,,,,17.20695,,,
S0145,Global,Global,,,Total O&M,OPEX_T,USD/kW/yr,Unspecified,"IEA, 2020a",Max value,From 2018 USD to 2023 USD = 1.14713,,,,,,,,,,,,,67.68067,,,
S0146,North America,United States of America,US,USA,Capital Cost,CAPEX,USD/kW,Unspecified,"IEA, 2020a",,From 2018 USD to 2023 USD = 1.14713,,,,,,,,,,,,,1229.72336,,,
S0147,Europe,Austria,AT,AUT,Capital Cost,CAPEX,USD/kW,Unspecified,"IEA, 2020a",,From 2018 USD to 2023 USD = 1.14713,,,,,,,,,,,,,824.78647,,,
S0148,Oceania,Australia,AU,AUS,Capital Cost,CAPEX,USD/kW,Unspecified,"IEA, 2020a",,From 2018 USD to 2023 USD = 1.14713,,,,,,,,,,,,,1011.76866,,,
S0149,North America,Canada,CA,CAN,Capital Cost,CAPEX,USD/kW,Unspecified,"IEA, 2020a",,From 2018 USD to 2023 USD = 1.14713,,,,,,,,,,,,,1553.21402,,,
S0150,North America,Canada,CA,CAN,Capital Cost,CAPEX,USD/kW,Unspecified,"IEA, 2020a",,From 2018 USD to 2023 USD = 1.14713,,,,,,,,,,,,,1449.97232,,,
S0151,Europe,Denmark,DK,DNK,Capital Cost,CAPEX,USD/kW,Unspecified,"IEA, 2020a",,From 2018 USD to 2023 USD = 1.14713,,,,,,,,,,,,,612.56742,,,
S0152,Europe,Denmark,DK,DNK,Capital Cost,CAPEX,USD/kW,Unspecified,"IEA, 2020a",,From 2018 USD to 2023 USD = 1.14713,,,,,,,,,,,,,714.66199,,,
S0153,Europe,France,FR,FRA,Capital Cost,CAPEX,USD/kW,Unspecified,"IEA, 2020a",,From 2018 USD to 2023 USD = 1.14713,,,,,,,,,,,,,812.16804,,,
S0154,Europe,Hungary,HU,HUN,Capital Cost,CAPEX,USD/kW,Unspecified,"IEA, 2020a",,From 2018 USD to 2023 USD = 1.14713,,,,,,,,,,,,,1105.83332,,,
S0155,Europe,Italy,IT,ITA,Capital Cost,CAPEX,USD/kW,Unspecified,"IEA, 2020a",,From 2018 USD to 2023 USD = 1.14713,,,,,,,,,,,,,948.67651,,,
S0156,Europe,Italy,IT,ITA,Capital Cost,CAPEX,USD/kW,Unspecified,"IEA, 2020a",,From 2018 USD to 2023 USD = 1.14713,,,,,,,,,,,,,959.00068,,,
S0157,Asia,Japan,JP,JPN,Capital Cost,CAPEX,USD/kW,Unspecified,"IEA, 2020a",,From 2018 USD to 2023 USD = 1.14713,,,,,,,,,,,,,2301.14278,,,
S0158,Asia,"Korea, Republic of",KR,KOR,Capital Cost,CAPEX,USD/kW,Unspecified,"IEA, 2020a",,From 2018 USD to 2023 USD = 1.14713,,,,,,,,,,,,,1406.38138,,,
S0159,Europe,Netherlands,NL,NLD,Capital Cost,CAPEX,USD/kW,Unspecified,"IEA, 2020a",,From 2018 USD to 2023 USD = 1.14713,,,,,,,,,,,,,925.73391,,,
S0160,North America,United States of America,US,USA,Capital Cost,CAPEX,USD/kW,Unspecified,"IEA, 2020a",,From 2018 USD to 2023 USD = 1.14713,,,,,,,,,,,,,1229.72336,,,
S0161,South America,Brazil,BR,BRA,Capital Cost,CAPEX,USD/kW,Unspecified,"IEA, 2020a",,From 2018 USD to 2023 USD = 1.14713,,,,,,,,,,,,,1373.11461,,,
S0162,Asia,China,CN,CHN,Capital Cost,CAPEX,USD/kW,Unspecified,"IEA, 2020a",,From 2018 USD to 2023 USD = 1.14713,,,,,,,,,,,,,837.4049,,,
S0163,Asia,India,IN,IND,Capital Cost,CAPEX,USD/kW,Unspecified,"IEA, 2020a",,From 2018 USD to 2023 USD = 1.14713,,,,,,,,,,,,,721.54477,,,
S0164,Global,Global,,,Capital Cost,CAPEX,USD/kW,Unspecified,"IRENA, 2023a",Global Weighted Average,From 2022 USD to 2023 USD = 1.03957,,,2095.77312,1905.53181,1648.75802,1408.61735,1164.3184,1021.89731,953.28569,910.66332,,,,,,
S0165,Global,Global,,,Total O&M,OPEX_T,USD/kW/yr,Unspecified,"IRENA, 2023a",Median by cost and country,From 2022 USD to 2023 USD = 1.03957,,,,,,,,8.004689,8.004689,8.004689,,,,,,
S0166,Global,Global,,,Total O&M,OPEX_T,USD/kW/yr,Unspecified,"IRENA, 2023a",Median by cost and region,From 2022 USD to 2023 USD = 1.03957,,,,,,,,7.692818,7.692818,7.692818,,,,,,
S0167,Asia,Japan,JP,JPN,Capital Cost,CAPEX,USD/kW,Unspecified,"IRENA, 2023a",,From 2022 USD to 2023 USD = 1.03957,,,2589.56887,2842.18438,2578.1336,2450.26649,2413.88154,2111.36667,1883.70084,1980.796678,,,,,,
S0168,Europe,Russian Federation,RU,RUS,Capital Cost,CAPEX,USD/kW,Unspecified,"IRENA, 2023a",,From 2022 USD to 2023 USD = 1.03957,,,,,,,,,,1777.872614,,,,,,
S0169,Europe,Cyprus,CY,CYP,Capital Cost,CAPEX,USD/kW,Unspecified,"IRENA, 2023a",,From 2022 USD to 2023 USD = 1.03957,,,,,,,,,,1475.357744,,,,,,
S0170,Europe,Ireland,IE,IRL,Capital Cost,CAPEX,USD/kW,Unspecified,"IRENA, 2023a",,From 2022 USD to 2023 USD = 1.03957,,,,,,,,,,1418.597222,,,,,,
S0171,Europe,Hungary,HU,HUN,Capital Cost,CAPEX,USD/kW,Unspecified,"IRENA, 2023a",,From 2022 USD to 2023 USD = 1.03957,,,,,,,,,,1327.219019,,,,,,
S0172,Africa,South Africa,ZA,ZAF,Capital Cost,CAPEX,USD/kW,Unspecified,"IRENA, 2023a",,From 2022 USD to 2023 USD = 1.03957,,,,,,,,,,1306.323662,,,,,,
S0173,Europe,Croatia,HR,HRV,Capital Cost,CAPEX,USD/kW,Unspecified,"IRENA, 2023a",,From 2022 USD to 2023 USD = 1.03957,,,,,,,,,,1274.616777,,,,,,
S0174,Europe,Netherlands,NL,NLD,Capital Cost,CAPEX,USD/kW,Unspecified,"IRENA, 2023a",,From 2022 USD to 2023 USD = 1.03957,,,,1337.92659,1804.69352,1361.8367,1307.77906,1295.30422,1137.28958,1269.834755,,,,,,
S0175,Europe,Greece,GR,GRC,Capital Cost,CAPEX,USD/kW,Unspecified,"IRENA, 2023a",,From 2022 USD to 2023 USD = 1.03957,,,,,,,,,808.78546,1219.207696,,,,,,
S0176,Europe,France,FR,FRA,Capital Cost,CAPEX,USD/kW,Unspecified,"IRENA, 2023a",,From 2022 USD to 2023 USD = 1.03957,,,1818.20793,1539.60317,1446.04187,1252.68185,1141.44786,1086.35065,899.22805,1202.886447,,,,,,
S0177,Europe,Denmark,DK,DNK,Capital Cost,CAPEX,USD/kW,Unspecified,"IRENA, 2023a",,From 2022 USD to 2023 USD = 1.03957,,,,,,,,,879.47622,1192.906575,,,,,,
S0178,North America,United States of America,US,USA,Capital Cost,CAPEX,USD/kW,Unspecified,"IRENA, 2023a",,From 2022 USD to 2023 USD = 1.03957,,,2999.15945,2590.60844,2184.13657,1805.73309,1423.17133,1290.10637,1207.98034,1162.966959,,,,,,
S0179,Europe,Poland,PL,POL,Capital Cost,CAPEX,USD/kW,Unspecified,"IRENA, 2023a",,From 2022 USD to 2023 USD = 1.03957,,,,,,,,,860.76396,1091.132672,,,,,,
S0180,Europe,Germany,DE,DEU,Capital Cost,CAPEX,USD/kW,Unspecified,"IRENA, 2023a",,From 2022 USD to 2023 USD = 1.03957,,,1492.82252,1354.55971,1299.4625,1298.42293,1047.88656,806.70632,771.36094,1035.307763,,,,,,
S0181,Europe,Portugal,PT,PRT,Capital Cost,CAPEX,USD/kW,Unspecified,"IRENA, 2023a",,From 2022 USD to 2023 USD = 1.03957,,,,,,,,,,1019.81817,,,,,,
S0182,Europe,Slovenia,SI,SVN,Capital Cost,CAPEX,USD/kW,Unspecified,"IRENA, 2023a",,From 2022 USD to 2023 USD = 1.03957,,,,,,,,,,1003.600878,,,,,,
S0183,Asia,Indonesia,ID,IDN,Capital Cost,CAPEX,USD/kW,Unspecified,"IRENA, 2023a",,From 2022 USD to 2023 USD = 1.03957,,,,,,,,,,1000.06634,,,,,,
S0184,Europe,Canada,CA,CAN,Capital Cost,CAPEX,USD/kW,Unspecified,"IRENA, 2023a",,From 2022 USD to 2023 USD = 1.03957,,,,,,,,,1205.9012,998.922813,,,,,,
S0185,North America,Mexico,MX,MEX,Capital Cost,CAPEX,USD/kW,Unspecified,"IRENA, 2023a",,From 2022 USD to 2023 USD = 1.03957,,,,,,,,,969.91881,996.012017,,,,,,
S0186,South America,Argentina,AR,ARG,Capital Cost,CAPEX,USD/kW,Unspecified,"IRENA, 2023a",,From 2022 USD to 2023 USD = 1.03957,,,,,,,,,,986.240059,,,,,,
S0187,Oceania,Australia,AU,AUS,Capital Cost,CAPEX,USD/kW,Unspecified,"IRENA, 2023a",,From 2022 USD to 2023 USD = 1.03957,,,2608.28113,2245.4712,2298.48927,1772.46685,1458.51671,1222.53432,1138.32915,959.003325,,,,,,
S0188,Europe,United Kingdom,GB,GBR,Capital Cost,CAPEX,USD/kW,Unspecified,"IRENA, 2023a",,From 2022 USD to 2023 USD = 1.03957,,,1782.86255,1708.01351,1477.22897,1588.46296,1187.18894,974.07709,942.88999,946.0087,,,,,,
S0189,Europe,Estonia,EE,EST,Capital Cost,CAPEX,USD/kW,Unspecified,"IRENA, 2023a",,From 2022 USD to 2023 USD = 1.03957,,,,,,,,,,935.613,,,,,,
S0190,South America,Chile,CL,CHL,Capital Cost,CAPEX,USD/kW,Unspecified,"IRENA, 2023a",,From 2022 USD to 2023 USD = 1.03957,,,,,,,,,1183.03066,923.450031,,,,,,
S0191,Europe,Romania,RO,ROU,Capital Cost,CAPEX,USD/kW,Unspecified,"IRENA, 2023a",,From 2022 USD to 2023 USD = 1.03957,,,,,,,,,,899.435964,,,,,,
S0192,Europe,Bulgaria,BG,BGR,Capital Cost,CAPEX,USD/kW,Unspecified,"IRENA, 2023a",,From 2022 USD to 2023 USD = 1.03957,,,,,,,,,,834.878667,,,,,,
S0193,Europe,Spain,ES,ESP,Capital Cost,CAPEX,USD/kW,Unspecified,"IRENA, 2023a",,From 2022 USD to 2023 USD = 1.03957,,,,,,,,,907.54461,809.201288,,,,,,
S0194,Europe,Italy,IT,ITA,Capital Cost,CAPEX,USD/kW,Unspecified,"IRENA, 2023a",,From 2022 USD to 2023 USD = 1.03957,,,,,1134.17087,1014.62032,967.83967,900.26762,873.2388,801.50847,,,,,,
S0195,South America,Brazil,BR,BRA,Capital Cost,CAPEX,USD/kW,Unspecified,"IRENA, 2023a",,From 2022 USD to 2023 USD = 1.03957,,,,,,,,,916.90074,776.766704,,,,,,
S0196,Asia,China,CN,CHN,Capital Cost,CAPEX,USD/kW,Unspecified,"IRENA, 2023a",,From 2022 USD to 2023 USD = 1.03957,,,1588.46296,1438.76488,1349.36186,1026.05559,926.25687,749.52997,698.59104,743.500464,,,,,,
S0197,Europe,Austria,AT,AUT,Capital Cost,CAPEX,USD/kW,Unspecified,"IRENA, 2023a",,From 2022 USD to 2023 USD = 1.03957,,,,,,,,,,731.337495,,,,,,
S0198,Asia,Turkey,TR,TUR,Capital Cost,CAPEX,USD/kW,Unspecified,"IRENA, 2023a",,From 2022 USD to 2023 USD = 1.03957,,,,1826.52449,1465.7937,1406.53821,1073.87581,953.28569,901.30719,717.199343,,,,,,
S0199,Middle East,Saudi Arabia,SA,SAU,Capital Cost,CAPEX,USD/kW,Unspecified,"IRENA, 2023a",,From 2022 USD to 2023 USD = 1.03957,,,,,,,,,1036.45129,678.631296,,,,,,
S0200,Asia,India,IN,IND,Capital Cost,CAPEX,USD/kW,Unspecified,"IRENA, 2023a",,From 2022 USD to 2023 USD = 1.03957,,,1515.69306,1304.66035,1301.54164,924.17773,721.46158,687.15577,655.96867,665.844585,,,,,,
S0201,Middle East,United Arab Emirates,AE,ARE,Capital Cost,CAPEX,USD/kW,Unspecified,"IRENA, 2023a",,From 2022 USD to 2023 USD = 1.03957,,,,,,,,,1584.30468,600.87146,,,,,,
S0202,Asia,"Korea, Republic of",KR,KOR,Capital Cost,CAPEX,USD/kW,Unspecified,"IRENA, 2023a",,From 2022 USD to 2023 USD = 1.03957,,,2438.83122,2406.60455,1844.19718,1546.88016,1460.59585,1093.62764,1045.80742,1390.94466,,,,,,
S0203,Global,Global,,,Total O&M,OPEX_T,USD/kW/yr,Unspecified,"IRENA, 2023a",Low bound,From 2022 USD to 2023 USD = 1.03957,,,,,,,,,,3.534538,,,,,,
S0204,Global,Global,,,Total O&M,OPEX_T,USD/kW/yr,Unspecified,"IRENA, 2023a",Median,From 2022 USD to 2023 USD = 1.03957,,,,,,,,,,8.004689,,,,,,
S0205,Global,Global,,,Total O&M,OPEX_T,USD/kW/yr,Unspecified,"IRENA, 2023a",Upper bound,From 2022 USD to 2023 USD = 1.03957,,,,,,,,,,13.9094466,,,,,,
S0206,Africa,Algeria,DZ,DZA,Cost of Capital,WACC,%,Unspecified,"IRENA, 2023b",,,,,,,,,,,0.11,,,,,,,
S0207,South America,Argentina,AR,ARG,Cost of Capital,WACC,%,Unspecified,"IRENA, 2023b",,,,,,,,,,,0.138,,,,,,,
S0208,Oceania,Australia,AU,AUS,Cost of Capital,WACC,%,Unspecified,"IRENA, 2023b",,,,,,,,,,,0.029,,,,,,,
S0209,Europe,Austria,AT,AUT,Cost of Capital,WACC,%,Unspecified,"IRENA, 2023b",,,,,,,,,,,0.034,,,,,,,
S0210,Asia,Azerbaijan,AZ,AZE,Cost of Capital,WACC,%,Unspecified,"IRENA, 2023b",,,,,,,,,,,0.07,,,,,,,
S0211,Asia,Bangladesh,BD,BGD,Cost of Capital,WACC,%,Unspecified,"IRENA, 2023b",,,,,,,,,,,0.068,,,,,,,
S0212,Europe,Belarus,BY,BLR,Cost of Capital,WACC,%,Unspecified,"IRENA, 2023b",,,,,,,,,,,0.099,,,,,,,
S0213,Europe,Belgium,BE,BEL,Cost of Capital,WACC,%,Unspecified,"IRENA, 2023b",,,,,,,,,,,0.019,,,,,,,
S0214,South America,Bolivia,BO,BOL,Cost of Capital,WACC,%,Unspecified,"IRENA, 2023b",,,,,,,,,,,0.087,,,,,,,
S0215,Europe,Bosnia and Herzegovina,BA,BIH,Cost of Capital,WACC,%,Unspecified,"IRENA, 2023b",,,,,,,,,,,0.104,,,,,,,
S0216,South America,Brazil,BR,BRA,Cost of Capital,WACC,%,Unspecified,"IRENA, 2023b",,,,,,,,,,,0.063,,,,,,,
S0217,Europe,Bulgaria,BG,BGR,Cost of Capital,WACC,%,Unspecified,"IRENA, 2023b",,,,,,,,,,,0.048,,,,,,,
S0218,Africa,Burkina Faso,BF,BFA,Cost of Capital,WACC,%,Unspecified,"IRENA, 2023b",,,,,,,,,,,0.058,,,,,,,
S0219,North America,Canada,CA,CAN,Cost of Capital,WACC,%,Unspecified,"IRENA, 2023b",,,,,,,,,,,0.043,,,,,,,
S0220,South America,Chile,CL,CHL,Cost of Capital,WACC,%,Unspecified,"IRENA, 2023b",,,,,,,,,,,0.035,,,,,,,
S0221,Asia,China,CN,CHN,Cost of Capital,WACC,%,Unspecified,"IRENA, 2023b",,,,,,,,,,,0.025,,,,,,,
S0222,South America,Colombia,CO,COL,Cost of Capital,WACC,%,Unspecified,"IRENA, 2023b",,,,,,,,,,,0.056,,,,,,,
S0223,North America,Costa Rica,CR,CRI,Cost of Capital,WACC,%,Unspecified,"IRENA, 2023b",,,,,,,,,,,0.064,,,,,,,
S0224,Europe,Croatia,HR,HRV,Cost of Capital,WACC,%,Unspecified,"IRENA, 2023b",,,,,,,,,,,0.053,,,,,,,
S0225,North America,Cuba,CU,CUB,Cost of Capital,WACC,%,Unspecified,"IRENA, 2023b",,,,,,,,,,,0.116,,,,,,,
S0226,Europe,Cyprus,CY,CYP,Cost of Capital,WACC,%,Unspecified,"IRENA, 2023b",,,,,,,,,,,0.049,,,,,,,
S0227,Europe,Czechia,CZ,CZE,Cost of Capital,WACC,%,Unspecified,"IRENA, 2023b",,,,,,,,,,,0.037,,,,,,,
S0228,Europe,Denmark,DK,DNK,Cost of Capital,WACC,%,Unspecified,"IRENA, 2023b",,,,,,,,,,,0.021,,,,,,,
S0229,North America,Dominican Republic,DO,DOM,Cost of Capital,WACC,%,Unspecified,"IRENA, 2023b",,,,,,,,,,,0.056,,,,,,,
S0230,South America,Ecuador,EC,ECU,Cost of Capital,WACC,%,Unspecified,"IRENA, 2023b",,,,,,,,,,,0.122,,,,,,,
S0231,Africa,Egypt,EG,EGY,Cost of Capital,WACC,%,Unspecified,"IRENA, 2023b",,,,,,,,,,,0.088,,,,,,,
S0232,North America,El Salvador,SV,SLV,Cost of Capital,WACC,%,Unspecified,"IRENA, 2023b",,,,,,,,,,,0.063,,,,,,,
S0233,Europe,Estonia,EE,EST,Cost of Capital,WACC,%,Unspecified,"IRENA, 2023b",,,,,,,,,,,0.051,,,,,,,
S0234,Africa,Ethiopia,ET,ETH,Cost of Capital,WACC,%,Unspecified,"IRENA, 2023b",,,,,,,,,,,0.084,,,,,,,
S0235,Europe,Finland,FI,FIN,Cost of Capital,WACC,%,Unspecified,"IRENA, 2023b",,,,,,,,,,,0.048,,,,,,,
S0236,Europe,France,FR,FRA,Cost of Capital,WACC,%,Unspecified,"IRENA, 2023b",,,,,,,,,,,0.018,,,,,,,
S0237,Europe,Germany,DE,DEU,Cost of Capital,WACC,%,Unspecified,"IRENA, 2023b",,,,,,,,,,,0.013,,,,,,,
S0238,Africa,Ghana,GH,GHA,Cost of Capital,WACC,%,Unspecified,"IRENA, 2023b",,,,,,,,,,,0.095,,,,,,,
S0239,Europe,Greece,GR,GRC,Cost of Capital,WACC,%,Unspecified,"IRENA, 2023b",,,,,,,,,,,0.041,,,,,,,
S0240,North America,Guatemala,GT,GTM,Cost of Capital,WACC,%,Unspecified,"IRENA, 2023b",,,,,,,,,,,0.063,,,,,,,
S0241,North America,Honduras,HN,HND,Cost of Capital,WACC,%,Unspecified,"IRENA, 2023b",,,,,,,,,,,0.046,,,,,,,
S0242,Europe,Hungary,HU,HUN,Cost of Capital,WACC,%,Unspecified,"IRENA, 2023b",,,,,,,,,,,0.037,,,,,,,
S0243,Asia,India,IN,IND,Cost of Capital,WACC,%,Unspecified,"IRENA, 2023b",,,,,,,,,,,0.059,,,,,,,
S0244,Asia,Indonesia,ID,IDN,Cost of Capital,WACC,%,Unspecified,"IRENA, 2023b",,,,,,,,,,,0.06,,,,,,,
S0245,Middle East,Iran (Islamic Republic of),IR,IRN,Cost of Capital,WACC,%,Unspecified,"IRENA, 2023b",,,,,,,,,,,0.114,,,,,,,
S0246,Middle East,Iraq,IQ,IRQ,Cost of Capital,WACC,%,Unspecified,"IRENA, 2023b",,,,,,,,,,,0.096,,,,,,,
S0247,Europe,Ireland,IE,IRL,Cost of Capital,WACC,%,Unspecified,"IRENA, 2023b",,,,,,,,,,,0.055,,,,,,,
S0248,Middle East,Israel,IL,ISR,Cost of Capital,WACC,%,Unspecified,"IRENA, 2023b",,,,,,,,,,,0.037,,,,,,,
S0249,Europe,Italy,IT,ITA,Cost of Capital,WACC,%,Unspecified,"IRENA, 2023b",,,,,,,,,,,0.031,,,,,,,
S0250,North America,Jamaica,JM,JAM,Cost of Capital,WACC,%,Unspecified,"IRENA, 2023b",,,,,,,,,,,0.072,,,,,,,
S0251,Asia,Japan,JP,JPN,Cost of Capital,WACC,%,Unspecified,"IRENA, 2023b",,,,,,,,,,,0.023,,,,,,,
S0252,Middle East,Jordan,JO,JOR,Cost of Capital,WACC,%,Unspecified,"IRENA, 2023b",,,,,,,,,,,0.082,,,,,,,
S0253,Asia,Kazakhstan,KZ,KAZ,Cost of Capital,WACC,%,Unspecified,"IRENA, 2023b",,,,,,,,,,,0.063,,,,,,,
S0254,Africa,Kenya,KE,KEN,Cost of Capital,WACC,%,Unspecified,"IRENA, 2023b",,,,,,,,,,,0.084,,,,,,,
S0255,Middle East,Kuwait,KW,KWT,Cost of Capital,WACC,%,Unspecified,"IRENA, 2023b",,,,,,,,,,,0.053,,,,,,,
S0256,Europe,Latvia,LV,LVA,Cost of Capital,WACC,%,Unspecified,"IRENA, 2023b",,,,,,,,,,,0.055,,,,,,,
S0257,Middle East,Lebanon,LB,LBN,Cost of Capital,WACC,%,Unspecified,"IRENA, 2023b",,,,,,,,,,,0.21,,,,,,,
S0258,Europe,Lithuania,LT,LTU,Cost of Capital,WACC,%,Unspecified,"IRENA, 2023b",,,,,,,,,,,0.057,,,,,,,
S0259,Europe,Luxembourg,LU,LUX,Cost of Capital,WACC,%,Unspecified,"IRENA, 2023b",,,,,,,,,,,0.031,,,,,,,
S0260,Asia,Malaysia,MY,MYS,Cost of Capital,WACC,%,Unspecified,"IRENA, 2023b",,,,,,,,,,,0.054,,,,,,,
S0261,Europe,Malta,MT,MLT,Cost of Capital,WACC,%,Unspecified,"IRENA, 2023b",,,,,,,,,,,0.018,,,,,,,
S0262,Africa,Mauritius,MU,MUS,Cost of Capital,WACC,%,Unspecified,"IRENA, 2023b",,,,,,,,,,,0.046,,,,,,,
S0263,North America,Mexico,MX,MEX,Cost of Capital,WACC,%,Unspecified,"IRENA, 2023b",,,,,,,,,,,0.072,,,,,,,
S0264,Asia,Mongolia,MN,MNG,Cost of Capital,WACC,%,Unspecified,"IRENA, 2023b",,,,,,,,,,,0.08,,,,,,,
S0265,Europe,Montenegro,ME,MNE,Cost of Capital,WACC,%,Unspecified,"IRENA, 2023b",,,,,,,,,,,0.088,,,,,,,
S0266,Africa,Morocco,MA,MAR,Cost of Capital,WACC,%,Unspecified,"IRENA, 2023b",,,,,,,,,,,0.067,,,,,,,
S0267,Asia,Myanmar,MM,MMR,Cost of Capital,WACC,%,Unspecified,"IRENA, 2023b",,,,,,,,,,,0.095,,,,,,,
S0268,Africa,Namibia,NA,NAM,Cost of Capital,WACC,%,Unspecified,"IRENA, 2023b",,,,,,,,,,,0.042,,,,,,,
S0269,Europe,Netherlands,NL,NLD,Cost of Capital,WACC,%,Unspecified,"IRENA, 2023b",,,,,,,,,,,0.014,,,,,,,
S0270,Oceania,New Zealand,NZ,NZL,Cost of Capital,WACC,%,Unspecified,"IRENA, 2023b",,,,,,,,,,,0.043,,,,,,,
S0271,North America,Nicaragua,NI,NIC,Cost of Capital,WACC,%,Unspecified,"IRENA, 2023b",,,,,,,,,,,0.092,,,,,,,
S0272,Europe,Norway,NO,NOR,Cost of Capital,WACC,%,Unspecified,"IRENA, 2023b",,,,,,,,,,,0.045,,,,,,,
S0273,Asia,Pakistan,PK,PAK,Cost of Capital,WACC,%,Unspecified,"IRENA, 2023b",,,,,,,,,,,0.092,,,,,,,
S0274,North America,Panama,PA,PAN,Cost of Capital,WACC,%,Unspecified,"IRENA, 2023b",,,,,,,,,,,0.043,,,,,,,
S0275,South America,Peru,PE,PER,Cost of Capital,WACC,%,Unspecified,"IRENA, 2023b",,,,,,,,,,,0.052,,,,,,,
S0276,Asia,Philippines,PH,PHL,Cost of Capital,WACC,%,Unspecified,"IRENA, 2023b",,,,,,,,,,,0.057,,,,,,,
S0277,Europe,Poland,PL,POL,Cost of Capital,WACC,%,Unspecified,"IRENA, 2023b",,,,,,,,,,,0.039,,,,,,,
S0278,Europe,Portugal,PT,PRT,Cost of Capital,WACC,%,Unspecified,"IRENA, 2023b",,,,,,,,,,,0.042,,,,,,,
S0279,Europe,Romania,RO,ROU,Cost of Capital,WACC,%,Unspecified,"IRENA, 2023b",,,,,,,,,,,0.051,,,,,,,
S0280,Europe,Russian Federation,RU,RUS,Cost of Capital,WACC,%,Unspecified,"IRENA, 2023b",,,,,,,,,,,0.063,,,,,,,
S0281,Africa,Rwanda,RW,RWA,Cost of Capital,WACC,%,Unspecified,"IRENA, 2023b",,,,,,,,,,,0.056,,,,,,,
S0282,Middle East,Saudi Arabia,SA,SAU,Cost of Capital,WACC,%,Unspecified,"IRENA, 2023b",,,,,,,,,,,0.062,,,,,,,
S0283,Africa,Senegal,SN,SEN,Cost of Capital,WACC,%,Unspecified,"IRENA, 2023b",,,,,,,,,,,0.043,,,,,,,
S0284,Asia,Singapore,SG,SGP,Cost of Capital,WACC,%,Unspecified,"IRENA, 2023b",,,,,,,,,,,0.046,,,,,,,
S0285,Europe,Slovakia,SK,SVK,Cost of Capital,WACC,%,Unspecified,"IRENA, 2023b",,,,,,,,,,,0.038,,,,,,,
S0286,Europe,Slovenia,SI,SVN,Cost of Capital,WACC,%,Unspecified,"IRENA, 2023b",,,,,,,,,,,0.042,,,,,,,
S0287,Africa,South Africa,ZA,ZAF,Cost of Capital,WACC,%,Unspecified,"IRENA, 2023b",,,,,,,,,,,0.052,,,,,,,
S0288,Europe,Spain,ES,ESP,Cost of Capital,WACC,%,Unspecified,"IRENA, 2023b",,,,,,,,,,,0.036,,,,,,,
S0289,Asia,Sri Lanka,LK,LKA,Cost of Capital,WACC,%,Unspecified,"IRENA, 2023b",,,,,,,,,,,0.103,,,,,,,
S0290,Europe,Sweden,SE,SWE,Cost of Capital,WACC,%,Unspecified,"IRENA, 2023b",,,,,,,,,,,0.032,,,,,,,
S0291,Europe,Switzerland,CH,CHE,Cost of Capital,WACC,%,Unspecified,"IRENA, 2023b",,,,,,,,,,,0.017,,,,,,,
S0292,Asia,Taiwan,TW,TWN,Cost of Capital,WACC,%,Unspecified,"IRENA, 2023b",,,,,,,,,,,0.037,,,,,,,
S0293,Asia,Thailand,TH,THA,Cost of Capital,WACC,%,Unspecified,"IRENA, 2023b",,,,,,,,,,,0.045,,,,,,,
S0294,Africa,Tunisia,TN,TUN,Cost of Capital,WACC,%,Unspecified,"IRENA, 2023b",,,,,,,,,,,0.093,,,,,,,
S0295,Asia,Turkey,TR,TUR,Cost of Capital,WACC,%,Unspecified,"IRENA, 2023b",,,,,,,,,,,0.075,,,,,,,
S0296,Africa,Uganda,UG,UGA,Cost of Capital,WACC,%,Unspecified,"IRENA, 2023b",,,,,,,,,,,0.069,,,,,,,
S0297,Europe,Ukraine,UA,UKR,Cost of Capital,WACC,%,Unspecified,"IRENA, 2023b",,,,,,,,,,,0.099,,,,,,,
S0298,Middle East,United Arab Emirates,AE,ARE,Cost of Capital,WACC,%,Unspecified,"IRENA, 2023b",,,,,,,,,,,0.056,,,,,,,
S0299,Europe,United Kingdom,GB,GBR,Cost of Capital,WACC,%,Unspecified,"IRENA, 2023b",,,,,,,,,,,0.02,,,,,,,
S0300,North America,United States of America,US,USA,Cost of Capital,WACC,%,Unspecified,"IRENA, 2023b",,,,,,,,,,,0.043,,,,,,,
S0301,South America,Uruguay,UY,URY,Cost of Capital,WACC,%,Unspecified,"IRENA, 2023b",,,,,,,,,,,0.042,,,,,,,
S0302,Middle East,Yemen,YE,YEM,Cost of Capital,WACC,%,Unspecified,"IRENA, 2023b",,,,,,,,,,,0.172,,,,,,,
S0303,Asia,Viet Nam,VN,VNM,Cost of Capital,WACC,%,Unspecified,"Kumar et al., 2017",,,,,,0.1,,,,,,,,,,,,
S0304,Asia,Thailand,TH,THA,Cost of Capital,WACC,%,Unspecified,"Kumar et al., 2017",,,,,,0.115,,,,,,,,,,,,
S0305,Asia,China,CN,CHN,Cost of Capital,WACC,%,Unspecified,"Kumar et al., 2017",,,,,,0.07,,,,,,,,,,,,
S0306,Asia,Malaysia,MY,MYS,Cost of Capital,WACC,%,Unspecified,"Kumar et al., 2017",,,,,,0.1,,,,,,,,,,,,
S0307,Asia,Cambodia,KH,KHM,Cost of Capital,WACC,%,Unspecified,"Kumar et al., 2017",,,,,,0.1,,,,,,,,,,,,
S0308,Asia,India,IN,IND,Cost of Capital,WACC,%,Unspecified,"Kumar et al., 2017",,,,,,0.1,,,,,,,,,,,,
S0309,North America,United States of America,US,USA,Capital Cost,CAPEX,USD/kW,Unspecified,"Lazard, 2023",Mean,In 2023 USD,,,,,,,,,,,1050,,,,,
S0310,North America,United States of America,US,USA,Total O&M,OPEX_T,USD/kW/yr,Unspecified,"Lazard, 2023",Mean,In 2023 USD,,,,,,,,,,,10.5,,,,,
S0311,North America,United States of America,US,USA,Lifetime,LIFETIME,Years,Single Axis Tracking,"NREL, 2023a",,,,,,,,,,30,30,30,30,30,,,,
S0312,North America,United States of America,US,USA,Capital Cost,CAPEX,USD/kW,Single Axis Tracking,"NREL, 2023a",Conservative Scenario - low end of long term module effivency and expected improvements,From 2021 USD to 2023 USD = 1.08628,,,,,,,,,1353.50488,1439.321,1417.5954,1395.8698,1374.1442,,,
S0313,North America,United States of America,US,USA,Capital Cost,CAPEX,USD/kW,Single Axis Tracking,"NREL, 2023a",Moderate Scenario - moderate long term module effiiciency with expected improvements and inovation,From 2021 USD to 2023 USD = 1.08628,,,,,,,,,1353.50488,1439.321,1395.8698,1352.4186,1307.88112,,,
S0314,North America,United States of America,US,USA,Capital Cost,CAPEX,USD/kW,Single Axis Tracking,"NREL, 2023a",Advanced Scenario - high long term module efficiency with expected improvements and far from market ready innovations,From 2021 USD to 2023 USD = 1.08628,,,,,,,,,1353.50488,1439.321,1379.5756,1319.8302,1260.0848,,,
S0315,North America,United States of America,US,USA,Total O&M,OPEX_T,USD/kW/yr,Single Axis Tracking,"NREL, 2023a",Conservative Scenario - low end of long term module effivency and expected improvements,From 2021 USD to 2023 USD = 1.08628,,,,,,,,,24.98444,23.89816,23.89816,22.81188,22.81188,21.7256,19.55304,17.38048
S0316,North America,United States of America,US,USA,Total O&M,OPEX_T,USD/kW/yr,Single Axis Tracking,"NREL, 2023a",Moderate Scenario - moderate long term module effiiciency with expected improvements and inovation,From 2021 USD to 2023 USD = 1.08628,,,,,,,,,24.98444,23.89816,22.81188,22.81188,21.7256,19.55304,16.2942,14.12164
S0317,North America,United States of America,US,USA,Total O&M,OPEX_T,USD/kW/yr,Single Axis Tracking,"NREL, 2023a",Advanced Scenario - high long term module efficiency with expected improvements and far from market ready innovations,From 2021 USD to 2023 USD = 1.08628,,,,,,,,,24.98444,23.89816,22.81188,22.81188,21.7256,17.38048,14.12164,13.03536
S0318,North America,United States of America,US,USA,Capital Cost,CAPEX,USD/kW,Single Axis Tracking,"NREL, 2023b",,From 2022 USD to 2023 USD = 1.03957,,,,,,,,,1268.2754,1029.1743,1206.94077,,,,,
S0319,North America,United States of America,US,USA,Construction Time,BUILDTIME,Years,Unspecified,"SEIA, 2017",Excluding time period (~3 year) prior to construction (development phase) - 250MW system,,,,,,2,,,,,,,,,,,
S0320,Global,Global,,,Capital Cost,CAPEX,USD/kW,Unspecified,"Danish Energy Agency, 2024",Based on the IEA's Net Zero Emissions by 2050 Scenario 2021,From 2020 EUR to 2023 USD = 1.16146,,,,,,,,522.657,,,,,,,,
S0321,Global,Global,,,Capital Cost,CAPEX,USD/kW,Unspecified,"Danish Energy Agency, 2024",Based on the IEA's Announced Pledges Scenario 2021,From 2020 EUR to 2023 USD = 1.16146,,,,,,,,511.0424,,,,,,,,
S0322,Global,Global,,,Construction Time,BUILDTIME,Years,Fixed Axis,"Danish Energy Agency, 2024",,,,,0.5,,,,,0.5,,,,,,0.5,0.5,0.5
S0323,Global,Global,,,Lifetime,LIFETIME,Years,Fixed Axis,"Danish Energy Agency, 2024",,,,,30,,,,,35,,,,,,,,
S0324,North America,United States of America,US,USA,Capital Cost,CAPEX,USD/kW,Double Axis Tracking,"EIA, 2022",,From 2021 USD to 2023 USD = 1.08628,,,,,,,,,1441.49356,,,,,,,
S0325,North America,United States of America,US,USA,Capital Cost,CAPEX,USD/kW,Double Axis Tracking,"EIA, 2023",,From 2022 USD to 2023 USD = 1.03957,,,,,,,,,,1505.29736,,,,,,
S0326,North America,United States of America,US,USA,Total O&M,OPEX_T,USD/kW/yr,Double Axis Tracking,"EIA, 2022",,From 2021 USD to 2023 USD = 1.08628,,,,,,,,,17.3478916,,,,,,,
S0327,North America,United States of America,US,USA,Total O&M,OPEX_T,USD/kW/yr,Double Axis Tracking,"EIA, 2023",,From 2022 USD to 2023 USD = 1.03957,,,,,,,,,,17.8390212,,,,,,
S0328,North America,United States of America,US,USA,Construction Time,BUILDTIME,Years,Double Axis Tracking,"EIA, 2022",,,,,,,,,,,2,,,,,,,
S0329,North America,United States of America,US,USA,Construction Time,BUILDTIME,Years,Double Axis Tracking,"EIA, 2023",,,,,,,,,,,,2,,,,,,
S0330,North America,United States of America,US,USA,Capital Cost,CAPEX,USD/kW,Unspecified,"EIA, 2022",Solar PV with storage,From 2021 USD to 2023 USD = 1.08628,,,,,,,,,1898.81744,,,,,,,
S0331,North America,United States of America,US,USA,Capital Cost,CAPEX,USD/kW,Unspecified,"EIA, 2023",Solar PV with storage,From 2022 USD to 2023 USD = 1.03957,,,,,,,,,,1879.54256,,,,,,
S0332,North America,United States of America,US,USA,Total O&M,OPEX_T,USD/kW/yr,Unspecified,"EIA, 2022",Solar PV with storage,From 2021 USD to 2023 USD = 1.08628,,,,,,,,,36.5750476,,,,,,,
S0333,North America,United States of America,US,USA,Total O&M,OPEX_T,USD/kW/yr,Unspecified,"EIA, 2023",Solar PV with storage,From 2022 USD to 2023 USD = 1.03957,,,,,,,,,,33.7028594,,,,,,
S0334,North America,United States of America,US,USA,Construction Time,BUILDTIME,Years,Unspecified,"EIA, 2022",Solar PV with storage,,,,,,,,,,2,,,,,,,
S0335,North America,United States of America,US,USA,Construction Time,BUILDTIME,Years,Unspecified,"EIA, 2023",Solar PV with storage,,,,,,,,,,,2,,,,,,
S0336,North America,North America,,,Capital Cost,CAPEX,USD/kW,Unspecified,"DNV, 2023",,In 2023 USD,,,,,,,,,,1043.156406,977.6932685,936.5679109,903.6132317,,,
S0337,South America,South America,,,Capital Cost,CAPEX,USD/kW,Unspecified,"DNV, 2023",,In 2023 USD,,,,,,,,,,900.6889425,851.4570511,819.8593409,794.4114885,,,
S0338,Europe,Europe,,,Capital Cost,CAPEX,USD/kW,Unspecified,"DNV, 2023",,In 2023 USD,,,,,,,,,,991.1547225,945.3466226,975.4646108,968.9740725,,,
S0339,Middle East,MENA,,,Capital Cost,CAPEX,USD/kW,Unspecified,"DNV, 2023",,In 2023 USD,,,,,,,,,,853.0804542,808.9524195,780.399678,757.3612583,,,
S0340,Europe,Russian Federation & FSU,RU,RUS,Capital Cost,CAPEX,USD/kW,Unspecified,"DNV, 2023",,In 2023 USD,,,,,,,,,,865.6715544,818.1412921,787.7892519,763.3744432,,,
S0341,Asia,China,CN,CHN,Capital Cost,CAPEX,USD/kW,Unspecified,"DNV, 2023",,In 2023 USD,,,,,,,,,,765.4165459,722.1746605,694.6466573,672.5192069,,,
S0342,Asia,India,IN,IND,Capital Cost,CAPEX,USD/kW,Unspecified,"DNV, 2023",,In 2023 USD,,,,,,,,,,729.3968751,685.3836114,657.594206,635.2994854,,,
S0343,Asia,South East Asia,,,Capital Cost,CAPEX,USD/kW,Unspecified,"DNV, 2023",,In 2023 USD,,,,,,,,,,793.779544,747.882465,718.7668599,695.3826046,,,
S0344,Asia,OECD Asia & Oceania,,,Capital Cost,CAPEX,USD/kW,Unspecified,"DNV, 2023",,In 2023 USD,,,,,,,,,,1001.761766,953.356326,922.2086177,897.1130518,,,
S0345,Europe,European Union,,,Lifetime,LIFETIME,Years,Unspecified,"ASSET, 2018",,,,,,,,,,25,,,,,,,,
S0346,Europe,European Union,,,Lifetime,LIFETIME,Years,Unspecified,"TYNDP, 2022",,,,,,,,,,,,,,,40,,,
S0347,Europe,European Union,,,Capital Cost,CAPEX,USD/kW,Unspecified,"TYNDP, 2022",NT Scenario,From 2020 EUR to 2023 USD = 1.16146,,,,,,,,,,,,,528.4643,,,
S0348,Europe,European Union,,,Capital Cost,CAPEX,USD/kW,Unspecified,"TYNDP, 2022",DE Scenario,From 2020 EUR to 2023 USD = 1.16146,,,,,,,,,,,,,478.52152,,,
S0349,Europe,European Union,,,Capital Cost,CAPEX,USD/kW,Unspecified,"TYNDP, 2022",GA Scenario,From 2020 EUR to 2023 USD = 1.16146,,,,,,,,,,,,,617.89672,,,
S0350,Europe,European Union,,,Total O&M,OPEX_T,USD/kW/yr,Unspecified,"TYNDP, 2022",NT Scenario,From 2020 EUR to 2023 USD = 1.16146,,,,,,,,,,,,,9.407826,8.478658,7.665636,7.317198
S0351,Europe,European Union,,,Total O&M,OPEX_T,USD/kW/yr,Unspecified,"TYNDP, 2022",DE Scenario,From 2020 EUR to 2023 USD = 1.16146,,,,,,,,,,,,,7.897928,6.96876,6.271884,5.8073
S0352,Europe,European Union,,,Total O&M,OPEX_T,USD/kW/yr,Unspecified,"TYNDP, 2022",GA Scenario,From 2020 EUR to 2023 USD = 1.16146,,,,,,,,,,,,,10.220848,9.640118,9.175534,8.827096
S0353,Europe,European Union,,,Lifetime,LIFETIME,Years,Rooftop,"TYNDP, 2022",,,,,,,,,,,,,,,40,,,
S0354,Europe,European Union,,,Capital Cost,CAPEX,USD/kW,Rooftop,"TYNDP, 2022",NT Scenario,From 2020 EUR to 2023 USD = 1.16146,,,,,,,,,,,,,1161.46,,,
S0355,Europe,European Union,,,Capital Cost,CAPEX,USD/kW,Rooftop,"TYNDP, 2022",DE Scenario,From 2020 EUR to 2023 USD = 1.16146,,,,,,,,,,,,,1049.95984,,,
S0356,Europe,European Union,,,Capital Cost,CAPEX,USD/kW,Rooftop,"TYNDP, 2022",GA Scenario,From 2020 EUR to 2023 USD = 1.16146,,,,,,,,,,,,,1357.74674,,,
S0357,Europe,European Union,,,Total O&M,OPEX_T,USD/kW/yr,Rooftop,"TYNDP, 2022",NT Scenario,From 2020 EUR to 2023 USD = 1.16146,,,,,,,,,,,,,14.053666,12.543768,11.6146,10.569286
S0358,Europe,European Union,,,Total O&M,OPEX_T,USD/kW/yr,Rooftop,"TYNDP, 2022",DE Scenario,From 2020 EUR to 2023 USD = 1.16146,,,,,,,,,,,,,11.846892,10.336994,9.407826,8.362512
S0359,Europe,European Union,,,Total O&M,OPEX_T,USD/kW/yr,Rooftop,"TYNDP, 2022",GA Scenario,From 2020 EUR to 2023 USD = 1.16146,,,,,,,,,,,,,15.331272,14.285958,13.821374,12.77606
S0360,Europe,European Union,,,Lifetime,LIFETIME,Years,Unspecified,"VDMA, 2024",,,,,,,,,,,,25,,,30,,,
S0361,Europe,United Kingdom,GB,GBR,Lifetime,LIFETIME,Years,Fixed Axis,"DESNZ, 2024",20 MW,,,,,,,,,,,,,,35,,,
S0362,Europe,United Kingdom,GB,GBR,Lifetime,LIFETIME,Years,Rooftop,"DESNZ, 2024",4 kW,,,,,,,,,,,,,,30,,,
S0363,Europe,United Kingdom,GB,GBR,Construction Time,BUILDTIME,Years,Fixed Axis,"DESNZ, 2024",20 MW,,,,,,,,,,,,,,1,1,1,
S0364,Europe,United Kingdom,GB,GBR,Construction Time,BUILDTIME,Years,Rooftop,"DESNZ, 2024",4 kW,,,,,,,,,,,,,,1,1,1,
S0365,Europe,United Kingdom,GB,GBR,Capital Cost,CAPEX,USD/kW,Fixed Axis,"DESNZ, 2024",20 MW,From 2021 GBP to 2023 USD = 1.275538,,,,,,,,,,,,,395.41678,,,
S0366,Europe,United Kingdom,GB,GBR,Capital Cost,CAPEX,USD/kW,Fixed Axis,"DESNZ, 2024",20 MW,From 2021 GBP to 2023 USD = 1.275538,,,,,,,,,,,,,573.9921,,,
S0367,Europe,United Kingdom,GB,GBR,Capital Cost,CAPEX,USD/kW,Fixed Axis,"DESNZ, 2024",20 MW,From 2021 GBP to 2023 USD = 1.275538,,,,,,,,,,,,,650.52438,,,
S0368,Europe,United Kingdom,GB,GBR,Capital Cost,CAPEX,USD/kW,Fixed Axis,"DESNZ, 2024",50 kW,From 2021 GBP to 2023 USD = 1.275538,,,,,,,,,,,,,892.8766,,,
S0369,Europe,United Kingdom,GB,GBR,Capital Cost,CAPEX,USD/kW,Fixed Axis,"DESNZ, 2024",50 kW,From 2021 GBP to 2023 USD = 1.275538,,,,,,,,,,,,,1275.538,,,
S0370,Europe,United Kingdom,GB,GBR,Capital Cost,CAPEX,USD/kW,Fixed Axis,"DESNZ, 2024",50 kW,From 2021 GBP to 2023 USD = 1.275538,,,,,,,,,,,,,1530.6456,,,
S0371,Europe,United Kingdom,GB,GBR,Capital Cost,CAPEX,USD/kW,Rooftop,"DESNZ, 2024",4 kW,From 2021 GBP to 2023 USD = 1.275538,,,,,,,,,,,,,1403.0918,,,
S0372,Europe,United Kingdom,GB,GBR,Capital Cost,CAPEX,USD/kW,Rooftop,"DESNZ, 2024",4 kW,From 2021 GBP to 2023 USD = 1.275538,,,,,,,,,,,,,1785.7532,,,
S0373,Europe,United Kingdom,GB,GBR,Capital Cost,CAPEX,USD/kW,Rooftop,"DESNZ, 2024",4 kW,From 2021 GBP to 2023 USD = 1.275538,,,,,,,,,,,,,2295.9684,,,
S0374,Europe,United Kingdom,GB,GBR,Fixed O&M,OPEX_F,USD/kW/yr,Fixed Axis,"DESNZ, 2024",20 MW,From 2021 GBP to 2023 USD = 1.275538,,,,,,,,,,,,,7.653228,7.1430128,6.2501362,
S0375,Europe,United Kingdom,GB,GBR,Fixed O&M,OPEX_F,USD/kW/yr,Fixed Axis,"DESNZ, 2024",50 kW,From 2021 GBP to 2023 USD = 1.275538,,,,,,,,,,,,,9.8216426,8.928766,8.928766,
S0376,Europe,United Kingdom,GB,GBR,Fixed O&M,OPEX_F,USD/kW/yr,Rooftop,"DESNZ, 2024",4 kW,From 2021 GBP to 2023 USD = 1.275538,,,,,,,,,,,,,24.3627758,23.597453,23.597453,
S0377,Europe,United Kingdom,GB,GBR,Variable O&M,OPEX_V,USD/MWh,Fixed Axis,"DESNZ, 2024",20 MW,From 2021 GBP to 2023 USD = 1.275538,,,,,,,,,,,,,0,0,0,
S0378,Europe,United Kingdom,GB,GBR,Variable O&M,OPEX_V,USD/MWh,Fixed Axis,"DESNZ, 2024",50 kW,From 2021 GBP to 2023 USD = 1.275538,,,,,,,,,,,,,0,0,0,
S0379,Europe,United Kingdom,GB,GBR,Variable O&M,OPEX_V,USD/MWh,Rooftop,"DESNZ, 2024",4 kW,From 2021 GBP to 2023 USD = 1.275538,,,,,,,,,,,,,0,0,0,
S0380,Europe,United Kingdom,GB,GBR,Cost of Capital,WACC,%,Fixed Axis,"DESNZ, 2024",20 MW,,,,,,,,,,,,,,0.05,0.05,0.05,
S0381,Europe,United Kingdom,GB,GBR,Cost of Capital,WACC,%,Fixed Axis,"DESNZ, 2024",50 kW,,,,,,,,,,,,,,0.056,0.056,0.056,
S0382,Europe,United Kingdom,GB,GBR,Cost of Capital,WACC,%,Rooftop,"DESNZ, 2024",4 kW,,,,,,,,,,,,,,0.051,0.051,0.051,
