# GNESTE Database | Hydro Power | 2024.04.25 | CC-BY-4.0 | Citation: Luke Hatton; Nathan Johnson; Lara Dixon; Bosi Mosongo; Savanha De Kock; Andrew Marquard; Mark Howells; Iain Staffell. The Global and National Energy Systems Techno-Economic (GNESTE) Database: Cost and performance data for electricity generation and storage technologies. 2024. Submitted to Data in Brief.
Technology,ID,Continent,Country,ISO2,ISO3,Variable,Code,Unit,Category,Source,Notes,Currency,Energy/Power Ratio,2014,2015,2016,2017,2018,2019,2020,2021,2022,2023,2024,2025,2030,2040,2050
Hydro,H0001,North America,United States of America,US,USA,Capital Cost,CAPEX,USD/kW,Reservoir,"NREL, 2023",Hydropower - NPD 1 - Advanced,From 2021 USD to 2023 USD = 1.08628,,,,,,,,,3267.53024,3267.53024,3267.53024,3267.53024,3267.53024,3103.50196,2822.15544,2822.15544
Hydro,H0002,North America,United States of America,US,USA,Capital Cost,CAPEX,USD/kW,Reservoir,"NREL, 2023",Hydropower - NPD 1 - Moderate,From 2021 USD to 2023 USD = 1.08628,,,,,,,,,3267.53024,3267.53024,3267.53024,3267.53024,3267.53024,3267.53024,3136.09036,3136.09036
Hydro,H0003,North America,United States of America,US,USA,Capital Cost,CAPEX,USD/kW,Reservoir,"NREL, 2023",Hydropower - NPD 1 - Conservative,From 2021 USD to 2023 USD = 1.08628,,,,,,,,,3267.53024,3267.53024,3267.53024,3267.53024,3267.53024,3267.53024,3267.53024,3267.53024
Hydro,H0004,North America,United States of America,US,USA,Capital Cost,CAPEX,USD/kW,Reservoir,"NREL, 2023",Hydropower - NPD 2 - Advanced,From 2021 USD to 2023 USD = 1.08628,,,,,,,,,6406.87944,6406.87944,6406.87944,6406.87944,6406.87944,3213.21624,2922.0932,2922.0932
Hydro,H0005,North America,United States of America,US,USA,Capital Cost,CAPEX,USD/kW,Reservoir,"NREL, 2023",Hydropower - NPD 2 - Moderate,From 2021 USD to 2023 USD = 1.08628,,,,,,,,,6406.87944,6406.87944,6406.87944,6406.87944,6406.87944,4894.77768,3246.89092,3246.89092
Hydro,H0006,North America,United States of America,US,USA,Capital Cost,CAPEX,USD/kW,Reservoir,"NREL, 2023",Hydropower - NPD 2 - Conservative,From 2021 USD to 2023 USD = 1.08628,,,,,,,,,6406.87944,6406.87944,6406.87944,6406.87944,6406.87944,6406.87944,6406.87944,6406.87944
Hydro,H0007,North America,United States of America,US,USA,Capital Cost,CAPEX,USD/kW,Reservoir,"NREL, 2023",Hydropower - NPD 3 - Advanced,From 2021 USD to 2023 USD = 1.08628,,,,,,,,,6539.4056,6539.4056,6539.4056,6539.4056,6539.4056,3541.2728,3220.8202,3220.8202
Hydro,H0008,North America,United States of America,US,USA,Capital Cost,CAPEX,USD/kW,Reservoir,"NREL, 2023",Hydropower - NPD 3 - Moderate,From 2021 USD to 2023 USD = 1.08628,,,,,,,,,6539.4056,6539.4056,6539.4056,6539.4056,6539.4056,5133.75928,3579.2926,3579.2926
Hydro,H0009,North America,United States of America,US,USA,Capital Cost,CAPEX,USD/kW,Reservoir,"NREL, 2023",Hydropower - NPD 3 - Conservative,From 2021 USD to 2023 USD = 1.08628,,,,,,,,,6539.4056,6539.4056,6539.4056,6539.4056,6539.4056,6539.4056,6539.4056,6539.4056
Hydro,H0010,North America,United States of America,US,USA,Capital Cost,CAPEX,USD/kW,Reservoir,"NREL, 2023",Hydropower - NPD 4 - Advanced,From 2021 USD to 2023 USD = 1.08628,,,,,,,,,14351.93136,14351.93136,14351.93136,14351.93136,14351.93136,8526.21172,7754.95292,7754.95292
Hydro,H0011,North America,United States of America,US,USA,Capital Cost,CAPEX,USD/kW,Reservoir,"NREL, 2023",Hydropower - NPD 4 - Moderate,From 2021 USD to 2023 USD = 1.08628,,,,,,,,,14351.93136,14351.93136,14351.93136,14351.93136,14351.93136,11662.30208,8615.28668,8615.28668
Hydro,H0012,North America,United States of America,US,USA,Capital Cost,CAPEX,USD/kW,Reservoir,"NREL, 2023",Hydropower - NPD 4 - Conservative,From 2021 USD to 2023 USD = 1.08628,,,,,,,,,14351.93136,14351.93136,14351.93136,14351.93136,14351.93136,14351.93136,14351.93136,14351.93136
Hydro,H0013,North America,United States of America,US,USA,Capital Cost,CAPEX,USD/kW,Lock,"NREL, 2023",Hydropower - NPD 5 - Advanced,From 2021 USD to 2023 USD = 1.08628,,,,,,,,,5260.85404,5260.85404,5260.85404,5260.85404,5260.85404,5714.91908,5198.93608,5198.93608
Hydro,H0014,North America,United States of America,US,USA,Capital Cost,CAPEX,USD/kW,Lock,"NREL, 2023",Hydropower - NPD 5 - Moderate,From 2021 USD to 2023 USD = 1.08628,,,,,,,,,5260.85404,5260.85404,5260.85404,5260.85404,5260.85404,5638.87948,5775.75076,5775.75076
Hydro,H0015,North America,United States of America,US,USA,Capital Cost,CAPEX,USD/kW,Lock,"NREL, 2023",Hydropower - NPD 5 - Conservative,From 2021 USD to 2023 USD = 1.08628,,,,,,,,,5260.85404,5260.85404,5260.85404,5260.85404,5260.85404,5260.85404,5260.85404,5260.85404
Hydro,H0016,North America,United States of America,US,USA,Capital Cost,CAPEX,USD/kW,Lock,"NREL, 2023",Hydropower - NPD 6 - Advanced,From 2021 USD to 2023 USD = 1.08628,,,,,,,,,7921.15376,7921.15376,7921.15376,7921.15376,7921.15376,8604.42388,7826.6474,7826.6474
Hydro,H0017,North America,United States of America,US,USA,Capital Cost,CAPEX,USD/kW,Lock,"NREL, 2023",Hydropower - NPD 6 - Moderate,From 2021 USD to 2023 USD = 1.08628,,,,,,,,,7921.15376,7921.15376,7921.15376,7921.15376,7921.15376,8490.36448,8695.6714,8695.6714
Hydro,H0018,North America,United States of America,US,USA,Capital Cost,CAPEX,USD/kW,Lock,"NREL, 2023",Hydropower - NPD 6 - Conservative,From 2021 USD to 2023 USD = 1.08628,,,,,,,,,7921.15376,7921.15376,7921.15376,7921.15376,7921.15376,7921.15376,7921.15376,7921.15376
Hydro,H0019,North America,United States of America,US,USA,Capital Cost,CAPEX,USD/kW,Lock,"NREL, 2023",Hydropower - NPD 7 - Advanced,From 2021 USD to 2023 USD = 1.08628,,,,,,,,,15921.60596,15921.60596,15921.60596,15921.60596,15921.60596,13245.01204,12045.75892,12045.75892
Hydro,H0020,North America,United States of America,US,USA,Capital Cost,CAPEX,USD/kW,Lock,"NREL, 2023",Hydropower - NPD 7 - Moderate,From 2021 USD to 2023 USD = 1.08628,,,,,,,,,15921.60596,15921.60596,15921.60596,15921.60596,15921.60596,14932.00488,13384.05588,13384.05588
Hydro,H0021,North America,United States of America,US,USA,Capital Cost,CAPEX,USD/kW,Lock,"NREL, 2023",Hydropower - NPD 7 - Conservative,From 2021 USD to 2023 USD = 1.08628,,,,,,,,,15921.60596,15921.60596,15921.60596,15921.60596,15921.60596,15921.60596,15921.60596,15921.60596
Hydro,H0022,North America,United States of America,US,USA,Capital Cost,CAPEX,USD/kW,Lock,"NREL, 2023",Hydropower - NPD 8 - Advanced,From 2021 USD to 2023 USD = 1.08628,,,,,,,,,21668.02716,21668.02716,21668.02716,21668.02716,21668.02716,20092.92116,18274.48844,18274.48844
Hydro,H0023,North America,United States of America,US,USA,Capital Cost,CAPEX,USD/kW,Lock,"NREL, 2023",Hydropower - NPD 8 - Moderate,From 2021 USD to 2023 USD = 1.08628,,,,,,,,,21668.02716,21668.02716,21668.02716,21668.02716,21668.02716,21409.49252,20305.83204,20305.83204
Hydro,H0024,North America,United States of America,US,USA,Capital Cost,CAPEX,USD/kW,RoR,"NREL, 2023",Hydropower - NPD 8 - Conservative,From 2021 USD to 2023 USD = 1.08628,,,,,,,,,21668.02716,21668.02716,21668.02716,21668.02716,21668.02716,21668.02716,21668.02716,21668.02716
Hydro,H0025,North America,United States of America,US,USA,Capital Cost,CAPEX,USD/kW,RoR,"NREL, 2023",Hydropower - NSD 1 - Advanced,From 2021 USD to 2023 USD = 1.08628,,,,,,,,,8960.72372,8960.72372,8960.72372,8960.72372,8960.72372,8960.72372,8960.72372,8960.72372
Hydro,H0026,North America,United States of America,US,USA,Capital Cost,CAPEX,USD/kW,RoR,"NREL, 2023",Hydropower - NSD 1 - Moderate,From 2021 USD to 2023 USD = 1.08628,,,,,,,,,9191.01508,9191.01508,9191.01508,9191.01508,9191.01508,9191.01508,9191.01508,9191.01508
Hydro,H0027,North America,United States of America,US,USA,Capital Cost,CAPEX,USD/kW,RoR,"NREL, 2023",Hydropower - NSD 1 - Conservative,From 2021 USD to 2023 USD = 1.08628,,,,,,,,,9237.72512,9237.72512,9237.72512,9237.72512,9237.72512,9237.72512,9237.72512,9237.72512
Hydro,H0028,North America,United States of America,US,USA,Capital Cost,CAPEX,USD/kW,RoR,"NREL, 2023",Hydropower - NSD 2 - Advanced,From 2021 USD to 2023 USD = 1.08628,,,,,,,,,7999.36592,7999.36592,7999.36592,7999.36592,7999.36592,7999.36592,7999.36592,7999.36592
Hydro,H0029,North America,United States of America,US,USA,Capital Cost,CAPEX,USD/kW,RoR,"NREL, 2023",Hydropower - NSD 2 - Moderate,From 2021 USD to 2023 USD = 1.08628,,,,,,,,,8204.67284,8204.67284,8204.67284,8204.67284,8204.67284,8204.67284,8204.67284,8204.67284
Hydro,H0030,North America,United States of America,US,USA,Capital Cost,CAPEX,USD/kW,RoR,"NREL, 2023",Hydropower - NSD 2 - Conservative,From 2021 USD to 2023 USD = 1.08628,,,,,,,,,8247.03776,8247.03776,8247.03776,8247.03776,8247.03776,8247.03776,8247.03776,8247.03776
Hydro,H0031,North America,United States of America,US,USA,Capital Cost,CAPEX,USD/kW,RoR,"NREL, 2023",Hydropower - NSD 3 - Advanced,From 2021 USD to 2023 USD = 1.08628,,,,,,,,,7835.33764,7835.33764,7835.33764,7835.33764,7835.33764,7835.33764,7835.33764,7835.33764
Hydro,H0032,North America,United States of America,US,USA,Capital Cost,CAPEX,USD/kW,RoR,"NREL, 2023",Hydropower - NSD 3 - Moderate,From 2021 USD to 2023 USD = 1.08628,,,,,,,,,8036.29944,8036.29944,8036.29944,8036.29944,8036.29944,8036.29944,8036.29944,8036.29944
Hydro,H0033,North America,United States of America,US,USA,Capital Cost,CAPEX,USD/kW,RoR,"NREL, 2023",Hydropower - NSD 3 - Conservative,From 2021 USD to 2023 USD = 1.08628,,,,,,,,,8077.57808,8077.57808,8077.57808,8077.57808,8077.57808,8077.57808,8077.57808,8077.57808
Hydro,H0034,North America,United States of America,US,USA,Capital Cost,CAPEX,USD/kW,RoR,"NREL, 2023",Hydropower - NSD 4 - Advanced,From 2021 USD to 2023 USD = 1.08628,,,,,,,,,7053.21604,7053.21604,7053.21604,7053.21604,7053.21604,7053.21604,7053.21604,7053.21604
Hydro,H0035,North America,United States of America,US,USA,Capital Cost,CAPEX,USD/kW,RoR,"NREL, 2023",Hydropower - NSD 4 - Moderate,From 2021 USD to 2023 USD = 1.08628,,,,,,,,,7234.6248,7234.6248,7234.6248,7234.6248,7234.6248,7234.6248,7234.6248,7234.6248
Hydro,H0036,North America,United States of America,US,USA,Capital Cost,CAPEX,USD/kW,RoR,"NREL, 2023",Hydropower - NSD 4 - Conservative,From 2021 USD to 2023 USD = 1.08628,,,,,,,,,7271.55832,7271.55832,7271.55832,7271.55832,7271.55832,7271.55832,7271.55832,7271.55832
Hydro,H0037,North America,United States of America,US,USA,Fixed O&M,OPEX_F,USD/kW/yr,Reservoir,"NREL, 2023",Hydropower - NPD 1 - Advanced,From 2021 USD to 2023 USD = 1.08628,,,,,,,,,92.3338,92.3338,92.3338,92.3338,92.3338,87.98868,80.38472,80.38472
Hydro,H0038,North America,United States of America,US,USA,Fixed O&M,OPEX_F,USD/kW/yr,Reservoir,"NREL, 2023",Hydropower - NPD 1 - Moderate,From 2021 USD to 2023 USD = 1.08628,,,,,,,,,92.3338,92.3338,92.3338,92.3338,92.3338,92.3338,89.07496,89.07496
Hydro,H0039,North America,United States of America,US,USA,Fixed O&M,OPEX_F,USD/kW/yr,Reservoir,"NREL, 2023",Hydropower - NPD 1 - Conservative,From 2021 USD to 2023 USD = 1.08628,,,,,,,,,92.3338,92.3338,92.3338,92.3338,92.3338,92.3338,92.3338,92.3338
Hydro,H0040,North America,United States of America,US,USA,Fixed O&M,OPEX_F,USD/kW/yr,Reservoir,"NREL, 2023",Hydropower - NPD 2 - Advanced,From 2021 USD to 2023 USD = 1.08628,,,,,,,,,94.50636,94.50636,94.50636,94.50636,94.50636,89.07496,81.471,81.471
Hydro,H0041,North America,United States of America,US,USA,Fixed O&M,OPEX_F,USD/kW/yr,Reservoir,"NREL, 2023",Hydropower - NPD 2 - Moderate,From 2021 USD to 2023 USD = 1.08628,,,,,,,,,94.50636,94.50636,94.50636,94.50636,94.50636,94.50636,90.16124,90.16124
Hydro,H0042,North America,United States of America,US,USA,Fixed O&M,OPEX_F,USD/kW/yr,Reservoir,"NREL, 2023",Hydropower - NPD 2 - Conservative,From 2021 USD to 2023 USD = 1.08628,,,,,,,,,94.50636,94.50636,94.50636,94.50636,94.50636,94.50636,94.50636,94.50636
Hydro,H0043,North America,United States of America,US,USA,Fixed O&M,OPEX_F,USD/kW/yr,Reservoir,"NREL, 2023",Hydropower - NPD 3 - Advanced,From 2021 USD to 2023 USD = 1.08628,,,,,,,,,112.97312,112.97312,112.97312,112.97312,112.97312,107.54172,97.7652,97.7652
Hydro,H0044,North America,United States of America,US,USA,Fixed O&M,OPEX_F,USD/kW/yr,Reservoir,"NREL, 2023",Hydropower - NPD 3 - Moderate,From 2021 USD to 2023 USD = 1.08628,,,,,,,,,112.97312,112.97312,112.97312,112.97312,112.97312,112.97312,108.628,108.628
Hydro,H0045,North America,United States of America,US,USA,Fixed O&M,OPEX_F,USD/kW/yr,Reservoir,"NREL, 2023",Hydropower - NPD 3 - Conservative,From 2021 USD to 2023 USD = 1.08628,,,,,,,,,112.97312,112.97312,112.97312,112.97312,112.97312,112.97312,112.97312,112.97312
Hydro,H0046,North America,United States of America,US,USA,Fixed O&M,OPEX_F,USD/kW/yr,Reservoir,"NREL, 2023",Hydropower - NPD 4 - Advanced,From 2021 USD to 2023 USD = 1.08628,,,,,,,,,189.01272,189.01272,189.01272,189.01272,189.01272,180.32248,164.02828,164.02828
Hydro,H0047,North America,United States of America,US,USA,Fixed O&M,OPEX_F,USD/kW/yr,Reservoir,"NREL, 2023",Hydropower - NPD 4 - Moderate,From 2021 USD to 2023 USD = 1.08628,,,,,,,,,189.01272,189.01272,189.01272,189.01272,189.01272,189.01272,181.40876,181.40876
Hydro,H0048,North America,United States of America,US,USA,Fixed O&M,OPEX_F,USD/kW/yr,Reservoir,"NREL, 2023",Hydropower - NPD 4 - Conservative,From 2021 USD to 2023 USD = 1.08628,,,,,,,,,189.01272,189.01272,189.01272,189.01272,189.01272,189.01272,189.01272,189.01272
Hydro,H0049,North America,United States of America,US,USA,Fixed O&M,OPEX_F,USD/kW/yr,Lock,"NREL, 2023",Hydropower - NPD 5 - Advanced,From 2021 USD to 2023 USD = 1.08628,,,,,,,,,34.76096,34.76096,34.76096,34.76096,34.76096,32.5884,30.41584,30.41584
Hydro,H0050,North America,United States of America,US,USA,Fixed O&M,OPEX_F,USD/kW/yr,Lock,"NREL, 2023",Hydropower - NPD 5 - Moderate,From 2021 USD to 2023 USD = 1.08628,,,,,,,,,34.76096,34.76096,34.76096,34.76096,34.76096,34.76096,33.67468,33.67468
Hydro,H0051,North America,United States of America,US,USA,Fixed O&M,OPEX_F,USD/kW/yr,Lock,"NREL, 2023",Hydropower - NPD 5 - Conservative,From 2021 USD to 2023 USD = 1.08628,,,,,,,,,34.76096,34.76096,34.76096,34.76096,34.76096,34.76096,34.76096,34.76096
Hydro,H0052,North America,United States of America,US,USA,Fixed O&M,OPEX_F,USD/kW/yr,Lock,"NREL, 2023",Hydropower - NPD 6 - Advanced,From 2021 USD to 2023 USD = 1.08628,,,,,,,,,39.10608,39.10608,39.10608,39.10608,39.10608,36.93352,33.67468,33.67468
Hydro,H0053,North America,United States of America,US,USA,Fixed O&M,OPEX_F,USD/kW/yr,Lock,"NREL, 2023",Hydropower - NPD 6 - Moderate,From 2021 USD to 2023 USD = 1.08628,,,,,,,,,39.10608,39.10608,39.10608,39.10608,39.10608,39.10608,36.93352,36.93352
Hydro,H0054,North America,United States of America,US,USA,Fixed O&M,OPEX_F,USD/kW/yr,Lock,"NREL, 2023",Hydropower - NPD 6 - Conservative,From 2021 USD to 2023 USD = 1.08628,,,,,,,,,39.10608,39.10608,39.10608,39.10608,39.10608,39.10608,39.10608,39.10608
Hydro,H0055,North America,United States of America,US,USA,Fixed O&M,OPEX_F,USD/kW/yr,Lock,"NREL, 2023",Hydropower - NPD 7 - Advanced,From 2021 USD to 2023 USD = 1.08628,,,,,,,,,67.34936,67.34936,67.34936,67.34936,67.34936,64.09052,57.57284,57.57284
Hydro,H0056,North America,United States of America,US,USA,Fixed O&M,OPEX_F,USD/kW/yr,Lock,"NREL, 2023",Hydropower - NPD 7 - Moderate,From 2021 USD to 2023 USD = 1.08628,,,,,,,,,67.34936,67.34936,67.34936,67.34936,67.34936,67.34936,64.09052,64.09052
Hydro,H0057,North America,United States of America,US,USA,Fixed O&M,OPEX_F,USD/kW/yr,Lock,"NREL, 2023",Hydropower - NPD 7 - Conservative,From 2021 USD to 2023 USD = 1.08628,,,,,,,,,67.34936,67.34936,67.34936,67.34936,67.34936,67.34936,67.34936,67.34936
Hydro,H0058,North America,United States of America,US,USA,Fixed O&M,OPEX_F,USD/kW/yr,Lock,"NREL, 2023",Hydropower - NPD 8 - Advanced,From 2021 USD to 2023 USD = 1.08628,,,,,,,,,205.30692,205.30692,205.30692,205.30692,205.30692,195.5304,177.06364,177.06364
Hydro,H0059,North America,United States of America,US,USA,Fixed O&M,OPEX_F,USD/kW/yr,Lock,"NREL, 2023",Hydropower - NPD 8 - Moderate,From 2021 USD to 2023 USD = 1.08628,,,,,,,,,205.30692,205.30692,205.30692,205.30692,205.30692,205.30692,196.61668,196.61668
Hydro,H0060,North America,United States of America,US,USA,Fixed O&M,OPEX_F,USD/kW/yr,RoR,"NREL, 2023",Hydropower - NPD 8 - Conservative,From 2021 USD to 2023 USD = 1.08628,,,,,,,,,205.30692,205.30692,205.30692,205.30692,205.30692,205.30692,205.30692,205.30692
Hydro,H0061,North America,United States of America,US,USA,Fixed O&M,OPEX_F,USD/kW/yr,RoR,"NREL, 2023",Hydropower - NSD 1 - Advanced,From 2021 USD to 2023 USD = 1.08628,,,,,,,,,130.3536,126.00848,121.66336,117.31824,112.97312,95.59264,76.0396,71.69448
Hydro,H0062,North America,United States of America,US,USA,Fixed O&M,OPEX_F,USD/kW/yr,RoR,"NREL, 2023",Hydropower - NSD 1 - Moderate,From 2021 USD to 2023 USD = 1.08628,,,,,,,,,155.33804,155.33804,155.33804,155.33804,155.33804,155.33804,155.33804,155.33804
Hydro,H0063,North America,United States of America,US,USA,Fixed O&M,OPEX_F,USD/kW/yr,RoR,"NREL, 2023",Hydropower - NSD 1 - Conservative,From 2021 USD to 2023 USD = 1.08628,,,,,,,,,155.33804,155.33804,155.33804,155.33804,155.33804,155.33804,155.33804,155.33804
Hydro,H0064,North America,United States of America,US,USA,Fixed O&M,OPEX_F,USD/kW/yr,RoR,"NREL, 2023",Hydropower - NSD 2 - Advanced,From 2021 USD to 2023 USD = 1.08628,,,,,,,,,42.36492,41.27864,39.10608,38.0198,36.93352,31.50212,23.89816,22.81188
Hydro,H0065,North America,United States of America,US,USA,Fixed O&M,OPEX_F,USD/kW/yr,RoR,"NREL, 2023",Hydropower - NSD 2 - Moderate,From 2021 USD to 2023 USD = 1.08628,,,,,,,,,51.05516,51.05516,51.05516,51.05516,51.05516,51.05516,51.05516,51.05516
Hydro,H0066,North America,United States of America,US,USA,Fixed O&M,OPEX_F,USD/kW/yr,RoR,"NREL, 2023",Hydropower - NSD 2 - Conservative,From 2021 USD to 2023 USD = 1.08628,,,,,,,,,51.05516,51.05516,51.05516,51.05516,51.05516,51.05516,51.05516,51.05516
Hydro,H0067,North America,United States of America,US,USA,Fixed O&M,OPEX_F,USD/kW/yr,RoR,"NREL, 2023",Hydropower - NSD 3 - Advanced,From 2021 USD to 2023 USD = 1.08628,,,,,,,,,121.66336,118.40452,114.0594,110.80056,107.54172,90.16124,71.69448,68.43564
Hydro,H0068,North America,United States of America,US,USA,Fixed O&M,OPEX_F,USD/kW/yr,RoR,"NREL, 2023",Hydropower - NSD 3 - Moderate,From 2021 USD to 2023 USD = 1.08628,,,,,,,,,146.6478,146.6478,146.6478,146.6478,146.6478,146.6478,146.6478,146.6478
Hydro,H0069,North America,United States of America,US,USA,Fixed O&M,OPEX_F,USD/kW/yr,RoR,"NREL, 2023",Hydropower - NSD 3 - Conservative,From 2021 USD to 2023 USD = 1.08628,,,,,,,,,146.6478,146.6478,146.6478,146.6478,146.6478,146.6478,146.6478,146.6478
Hydro,H0070,North America,United States of America,US,USA,Fixed O&M,OPEX_F,USD/kW/yr,RoR,"NREL, 2023",Hydropower - NSD 4 - Advanced,From 2021 USD to 2023 USD = 1.08628,,,,,,,,,30.41584,28.24328,27.157,27.157,26.07072,21.7256,17.38048,16.2942
Hydro,H0071,North America,United States of America,US,USA,Fixed O&M,OPEX_F,USD/kW/yr,RoR,"NREL, 2023",Hydropower - NSD 4 - Moderate,From 2021 USD to 2023 USD = 1.08628,,,,,,,,,35.84724,35.84724,35.84724,35.84724,35.84724,35.84724,35.84724,35.84724
Hydro,H0072,North America,United States of America,US,USA,Fixed O&M,OPEX_F,USD/kW/yr,RoR,"NREL, 2023",Hydropower - NSD 4 - Conservative,From 2021 USD to 2023 USD = 1.08628,,,,,,,,,35.84724,35.84724,35.84724,35.84724,35.84724,35.84724,35.84724,35.84724
Hydro,H0073,North America,United States of America,US,USA,Construction Time,BUILDTIME,Years,RoR,"NREL, 2023",,,,,,,,,,,3,,,,,,,
Hydro,H0074,Europe,Austria,AT,AUT,Capital Cost,CAPEX,USD/kW,RoR,"IEA, 2020",2.2 MW,From 2018 USD to 2023 USD = 1.14713,,,,,,,,,,,,,2708.37393,,,
Hydro,H0075,Europe,Germany,DE,DEU,Capital Cost,CAPEX,USD/kW,RoR,"IEA, 2020",24.5 MW,From 2018 USD to 2023 USD = 1.14713,,,,,,,,,,,,,3441.39,,,
Hydro,H0076,Europe,Italy,IT,ITA,Capital Cost,CAPEX,USD/kW,RoR,"IEA, 2020",0.02 MW,From 2018 USD to 2023 USD = 1.14713,,,,,,,,,,,,,7467.8163,,,
Hydro,H0077,Europe,Italy,IT,ITA,Capital Cost,CAPEX,USD/kW,RoR,"IEA, 2020",0.1 MW,From 2018 USD to 2023 USD = 1.14713,,,,,,,,,,,,,3456.30269,,,
Hydro,H0078,Europe,Italy,IT,ITA,Capital Cost,CAPEX,USD/kW,RoR,"IEA, 2020",0.2 MW,From 2018 USD to 2023 USD = 1.14713,,,,,,,,,,,,,6312.65639,,,
Hydro,H0079,Europe,Italy,IT,ITA,Capital Cost,CAPEX,USD/kW,RoR,"IEA, 2020",0.25 MW,From 2018 USD to 2023 USD = 1.14713,,,,,,,,,,,,,4183.58311,,,
Hydro,H0080,Europe,Italy,IT,ITA,Capital Cost,CAPEX,USD/kW,RoR,"IEA, 2020",0.25 MW,From 2018 USD to 2023 USD = 1.14713,,,,,,,,,,,,,3746.52658,,,
Hydro,H0081,Europe,Italy,IT,ITA,Capital Cost,CAPEX,USD/kW,RoR,"IEA, 2020",0.25 MW,From 2018 USD to 2023 USD = 1.14713,,,,,,,,,,,,,1826.23096,,,
Hydro,H0082,Europe,Italy,IT,ITA,Capital Cost,CAPEX,USD/kW,RoR,"IEA, 2020",0.5 MW,From 2018 USD to 2023 USD = 1.14713,,,,,,,,,,,,,1227.4291,,,
Hydro,H0083,Europe,Italy,IT,ITA,Capital Cost,CAPEX,USD/kW,RoR,"IEA, 2020",0.5 MW,From 2018 USD to 2023 USD = 1.14713,,,,,,,,,,,,,4338.44566,,,
Hydro,H0084,Europe,Italy,IT,ITA,Capital Cost,CAPEX,USD/kW,RoR,"IEA, 2020",0.5 MW,From 2018 USD to 2023 USD = 1.14713,,,,,,,,,,,,,2750.81774,,,
Hydro,H0085,Europe,Italy,IT,ITA,Capital Cost,CAPEX,USD/kW,RoR,"IEA, 2020",0.7 MW,From 2018 USD to 2023 USD = 1.14713,,,,,,,,,,,,,5059.99043,,,
Hydro,H0086,Europe,Italy,IT,ITA,Capital Cost,CAPEX,USD/kW,RoR,"IEA, 2020",1 MW,From 2018 USD to 2023 USD = 1.14713,,,,,,,,,,,,,1096.65628,,,
Hydro,H0087,Europe,Italy,IT,ITA,Capital Cost,CAPEX,USD/kW,RoR,"IEA, 2020",2.1 MW,From 2018 USD to 2023 USD = 1.14713,,,,,,,,,,,,,3689.17008,,,
Hydro,H0088,Europe,Italy,IT,ITA,Capital Cost,CAPEX,USD/kW,RoR,"IEA, 2020",5 MW,From 2018 USD to 2023 USD = 1.14713,,,,,,,,,,,,,3501.04076,,,
Hydro,H0089,Europe,Italy,IT,ITA,Capital Cost,CAPEX,USD/kW,RoR,"IEA, 2020",0.32 MW,From 2018 USD to 2023 USD = 1.14713,,,,,,,,,,,,,4549.51758,,,
Hydro,H0090,Europe,Italy,IT,ITA,Capital Cost,CAPEX,USD/kW,Reservoir,"IEA, 2020",15 MW,From 2018 USD to 2023 USD = 1.14713,,,,,,,,,,,,,3565.28004,,,
Hydro,H0091,Asia,Japan,JP,JPN,Capital Cost,CAPEX,USD/kW,Reservoir,"IEA, 2020",12 MW,From 2018 USD to 2023 USD = 1.14713,,,,,,,,,,,,,6675.14947,,,
Hydro,H0092,Europe,Norway,NO,NOR,Capital Cost,CAPEX,USD/kW,RoR,"IEA, 2020",30 MW,From 2018 USD to 2023 USD = 1.14713,,,,,,,,,,,,,2178.39987,,,
Hydro,H0093,Europe,Norway,NO,NOR,Capital Cost,CAPEX,USD/kW,RoR,"IEA, 2020",3 MW,From 2018 USD to 2023 USD = 1.14713,,,,,,,,,,,,,2252.96332,,,
Hydro,H0094,North America,United States of America,US,USA,Capital Cost,CAPEX,USD/kW,RoR,"IEA, 2020",4.8 MW,From 2018 USD to 2023 USD = 1.14713,,,,,,,,,,,,,7322.13079,,,
Hydro,H0095,North America,United States of America,US,USA,Capital Cost,CAPEX,USD/kW,RoR,"IEA, 2020",82 MW,From 2018 USD to 2023 USD = 1.14713,,,,,,,,,,,,,6664.8253,,,
Hydro,H0096,North America,United States of America,US,USA,Capital Cost,CAPEX,USD/kW,RoR,"IEA, 2020",4.2 MW,From 2018 USD to 2023 USD = 1.14713,,,,,,,,,,,,,4903.98075,,,
Hydro,H0097,North America,United States of America,US,USA,Capital Cost,CAPEX,USD/kW,RoR,"IEA, 2020",25 MW,From 2018 USD to 2023 USD = 1.14713,,,,,,,,,,,,,4624.08103,,,
Hydro,H0098,North America,United States of America,US,USA,Capital Cost,CAPEX,USD/kW,RoR,"IEA, 2020",3.5 MW,From 2018 USD to 2023 USD = 1.14713,,,,,,,,,,,,,8585.12092,,,
Hydro,H0099,North America,United States of America,US,USA,Capital Cost,CAPEX,USD/kW,RoR,"IEA, 2020",44 MW,From 2018 USD to 2023 USD = 1.14713,,,,,,,,,,,,,7663.97553,,,
Hydro,H0100,North America,United States of America,US,USA,Capital Cost,CAPEX,USD/kW,RoR,"IEA, 2020",4.3 MW,From 2018 USD to 2023 USD = 1.14713,,,,,,,,,,,,,7506.81872,,,
Hydro,H0101,North America,United States of America,US,USA,Capital Cost,CAPEX,USD/kW,RoR,"IEA, 2020",94 MW,From 2018 USD to 2023 USD = 1.14713,,,,,,,,,,,,,6757.74283,,,
Hydro,H0102,South America,Brazil,BR,BRA,Capital Cost,CAPEX,USD/kW,RoR,"IEA, 2020",248 MW,From 2018 USD to 2023 USD = 1.14713,,,,,,,,,,,,,2668.22438,,,
Hydro,H0103,Asia,India,IN,IND,Capital Cost,CAPEX,USD/kW,Reservoir,"IEA, 2020",175 MW,From 2018 USD to 2023 USD = 1.14713,,,,,,,,,,,,,2809.32137,,,
Hydro,H0104,Europe,Austria,AT,AUT,Total O&M,OPEX_T,USD/MWh,RoR,"IEA, 2020",2.2 MW,From 2018 USD to 2023 USD = 1.14713,,,,,,,,,,,,,13.6737896,,,
Hydro,H0105,Europe,Germany,DE,DEU,Total O&M,OPEX_T,USD/MWh,RoR,"IEA, 2020",24.5 MW,From 2018 USD to 2023 USD = 1.14713,,,,,,,,,,,,,9.750605,,,
Hydro,H0106,Europe,Italy,IT,ITA,Total O&M,OPEX_T,USD/MWh,RoR,"IEA, 2020",0.02 MW,From 2018 USD to 2023 USD = 1.14713,,,,,,,,,,,,,28.2652832,,,
Hydro,H0107,Europe,Italy,IT,ITA,Total O&M,OPEX_T,USD/MWh,RoR,"IEA, 2020",0.1 MW,From 2018 USD to 2023 USD = 1.14713,,,,,,,,,,,,,19.5126813,,,
Hydro,H0108,Europe,Italy,IT,ITA,Total O&M,OPEX_T,USD/MWh,RoR,"IEA, 2020",0.2 MW,From 2018 USD to 2023 USD = 1.14713,,,,,,,,,,,,,24.6288811,,,
Hydro,H0109,Europe,Italy,IT,ITA,Total O&M,OPEX_T,USD/MWh,RoR,"IEA, 2020",0.25 MW,From 2018 USD to 2023 USD = 1.14713,,,,,,,,,,,,,25.3401017,,,
Hydro,H0110,Europe,Italy,IT,ITA,Total O&M,OPEX_T,USD/MWh,RoR,"IEA, 2020",0.25 MW,From 2018 USD to 2023 USD = 1.14713,,,,,,,,,,,,,33.4732534,,,
Hydro,H0111,Europe,Italy,IT,ITA,Total O&M,OPEX_T,USD/MWh,RoR,"IEA, 2020",0.25 MW,From 2018 USD to 2023 USD = 1.14713,,,,,,,,,,,,,58.5839291,,,
Hydro,H0112,Europe,Italy,IT,ITA,Total O&M,OPEX_T,USD/MWh,RoR,"IEA, 2020",0.5 MW,From 2018 USD to 2023 USD = 1.14713,,,,,,,,,,,,,14.9241613,,,
Hydro,H0113,Europe,Italy,IT,ITA,Total O&M,OPEX_T,USD/MWh,RoR,"IEA, 2020",0.5 MW,From 2018 USD to 2023 USD = 1.14713,,,,,,,,,,,,,20.0977176,,,
Hydro,H0114,Europe,Italy,IT,ITA,Total O&M,OPEX_T,USD/MWh,RoR,"IEA, 2020",0.5 MW,From 2018 USD to 2023 USD = 1.14713,,,,,,,,,,,,,13.8458591,,,
Hydro,H0115,Europe,Italy,IT,ITA,Total O&M,OPEX_T,USD/MWh,RoR,"IEA, 2020",0.7 MW,From 2018 USD to 2023 USD = 1.14713,,,,,,,,,,,,,14.3047111,,,
Hydro,H0116,Europe,Italy,IT,ITA,Total O&M,OPEX_T,USD/MWh,RoR,"IEA, 2020",1 MW,From 2018 USD to 2023 USD = 1.14713,,,,,,,,,,,,,9.9915023,,,
Hydro,H0117,Europe,Italy,IT,ITA,Total O&M,OPEX_T,USD/MWh,RoR,"IEA, 2020",2.1 MW,From 2018 USD to 2023 USD = 1.14713,,,,,,,,,,,,,9.6588346,,,
Hydro,H0118,Europe,Italy,IT,ITA,Total O&M,OPEX_T,USD/MWh,RoR,"IEA, 2020",5 MW,From 2018 USD to 2023 USD = 1.14713,,,,,,,,,,,,,31.5804889,,,
Hydro,H0119,Europe,Italy,IT,ITA,Total O&M,OPEX_T,USD/MWh,RoR,"IEA, 2020",0.32 MW,From 2018 USD to 2023 USD = 1.14713,,,,,,,,,,,,,19.3291405,,,
Hydro,H0120,Europe,Italy,IT,ITA,Total O&M,OPEX_T,USD/MWh,Reservoir,"IEA, 2020",15 MW,From 2018 USD to 2023 USD = 1.14713,,,,,,,,,,,,,21.0727781,,,
Hydro,H0121,Asia,Japan,JP,JPN,Total O&M,OPEX_T,USD/MWh,Reservoir,"IEA, 2020",12 MW,From 2018 USD to 2023 USD = 1.14713,,,,,,,,,,,,,26.38399,,,
Hydro,H0122,Europe,Norway,NO,NOR,Total O&M,OPEX_T,USD/MWh,RoR,"IEA, 2020",30 MW,From 2018 USD to 2023 USD = 1.14713,,,,,,,,,,,,,5.6438796,,,
Hydro,H0123,Europe,Norway,NO,NOR,Total O&M,OPEX_T,USD/MWh,RoR,"IEA, 2020",3 MW,From 2018 USD to 2023 USD = 1.14713,,,,,,,,,,,,,9.8767893,,,
Hydro,H0124,North America,United States of America,US,USA,Total O&M,OPEX_T,USD/MWh,RoR,"IEA, 2020",4.8 MW,From 2018 USD to 2023 USD = 1.14713,,,,,,,,,,,,,25.5121712,,,
Hydro,H0125,North America,United States of America,US,USA,Total O&M,OPEX_T,USD/MWh,RoR,"IEA, 2020",82 MW,From 2018 USD to 2023 USD = 1.14713,,,,,,,,,,,,,6.8024809,,,
Hydro,H0126,North America,United States of America,US,USA,Total O&M,OPEX_T,USD/MWh,RoR,"IEA, 2020",4.2 MW,From 2018 USD to 2023 USD = 1.14713,,,,,,,,,,,,,28.0129146,,,
Hydro,H0127,North America,United States of America,US,USA,Total O&M,OPEX_T,USD/MWh,RoR,"IEA, 2020",25 MW,From 2018 USD to 2023 USD = 1.14713,,,,,,,,,,,,,9.5555929,,,
Hydro,H0128,North America,United States of America,US,USA,Total O&M,OPEX_T,USD/MWh,RoR,"IEA, 2020",3.5 MW,From 2018 USD to 2023 USD = 1.14713,,,,,,,,,,,,,26.842842,,,
Hydro,H0129,North America,United States of America,US,USA,Total O&M,OPEX_T,USD/MWh,RoR,"IEA, 2020",44 MW,From 2018 USD to 2023 USD = 1.14713,,,,,,,,,,,,,8.6837741,,,
Hydro,H0130,North America,United States of America,US,USA,Total O&M,OPEX_T,USD/MWh,RoR,"IEA, 2020",4.3 MW,From 2018 USD to 2023 USD = 1.14713,,,,,,,,,,,,,26.5790021,,,
Hydro,H0131,North America,United States of America,US,USA,Total O&M,OPEX_T,USD/MWh,RoR,"IEA, 2020",94 MW,From 2018 USD to 2023 USD = 1.14713,,,,,,,,,,,,,6.1371455,,,
Hydro,H0132,South America,Brazil,BR,BRA,Total O&M,OPEX_T,USD/MWh,RoR,"IEA, 2020",248 MW,From 2018 USD to 2023 USD = 1.14713,,,,,,,,,,,,,3.6249308,,,
Hydro,H0133,Asia,India,IN,IND,Total O&M,OPEX_T,USD/MWh,Reservoir,"IEA, 2020",175 MW,From 2018 USD to 2023 USD = 1.14713,,,,,,,,,,,,,13.3640645,,,
Hydro,H0134,Africa,Africa,,,Capital Cost,CAPEX,USD/kW,Reservoir,"IRENA, 2023",Weighted average of costs between 2010-2015 and 2016-2022,From 2022 USD to 2023 USD = 1.03957,,,2030.28021,,,,,,,2707.04028,,,,,,
Hydro,H0135,South America,Brazil,BR,BRA,Capital Cost,CAPEX,USD/kW,Reservoir,"IRENA, 2023",Weighted average of costs between 2010-2015 and 2016-2022,From 2022 USD to 2023 USD = 1.03957,,,2012.60752,,,,,,,1703.85523,,,,,,
Hydro,H0136,North America,Central America and the Caribbean,,,Capital Cost,CAPEX,USD/kW,Reservoir,"IRENA, 2023",Weighted average of costs between 2010-2015 and 2016-2022,From 2022 USD to 2023 USD = 1.03957,,,3319.34701,,,,,,,3977.39482,,,,,,
Hydro,H0137,Asia,China,CN,CHN,Capital Cost,CAPEX,USD/kW,Reservoir,"IRENA, 2023",Weighted average of costs between 2010-2015 and 2016-2022,From 2022 USD to 2023 USD = 1.03957,,,1279.71067,,,,,,,1933.6002,,,,,,
Hydro,H0138,Eurasia,Eurasia,,,Capital Cost,CAPEX,USD/kW,Reservoir,"IRENA, 2023",Weighted average of costs between 2010-2015 and 2016-2022,From 2022 USD to 2023 USD = 1.03957,,,1718.40921,,,,,,,2436.75208,,,,,,
Hydro,H0139,Europe,Europe,,,Capital Cost,CAPEX,USD/kW,Reservoir,"IRENA, 2023",Weighted average of costs between 2010-2015 and 2016-2022,From 2022 USD to 2023 USD = 1.03957,,,3022.02999,,,,,,,2184.13657,,,,,,
Hydro,H0140,Asia,India,IN,IND,Capital Cost,CAPEX,USD/kW,Reservoir,"IRENA, 2023",Weighted average of costs between 2010-2015 and 2016-2022,From 2022 USD to 2023 USD = 1.03957,,,1850.4346,,,,,,,1585.34425,,,,,,
Hydro,H0141,Middle East,Middle East,,,Capital Cost,CAPEX,USD/kW,Reservoir,"IRENA, 2023",Weighted average of costs between 2010-2015 and 2016-2022,From 2022 USD to 2023 USD = 1.03957,,,856.60568,,,,,,,1988.69741,,,,,,
Hydro,H0142,North America,North America,,,Capital Cost,CAPEX,USD/kW,Reservoir,"IRENA, 2023",Weighted average of costs between 2010-2015 and 2016-2022,From 2022 USD to 2023 USD = 1.03957,,,3117.67043,,,,,,,6055.49525,,,,,,
Hydro,H0143,Oceania ,Oceania,,,Capital Cost,CAPEX,USD/kW,Reservoir,"IRENA, 2023",Weighted average of costs between 2010-2015 and 2016-2022,From 2022 USD to 2023 USD = 1.03957,,,4412.97465,,,,,,,4591.78069,,,,,,
Hydro,H0144,Asia,Other Asia,,,Capital Cost,CAPEX,USD/kW,Reservoir,"IRENA, 2023",Weighted average of costs between 2010-2015 and 2016-2022,From 2022 USD to 2023 USD = 1.03957,,,1737.12147,,,,,,,1951.27289,,,,,,
Hydro,H0145,South America,Other South America,,,Capital Cost,CAPEX,USD/kW,Reservoir,"IRENA, 2023",Weighted average of costs between 2010-2015 and 2016-2022,From 2022 USD to 2023 USD = 1.03957,,,2488.73058,,,,,,,2637.38909,,,,,,
Hydro,H0146,Africa,Africa,,,Capital Cost,CAPEX,USD/kW,Reservoir,"IRENA, 2023",5th percentile of costs between 2010-2015 and 2016-2022,From 2022 USD to 2023 USD = 1.03957,,,781.75664,,,,,,,1474.11026,,,,,,
Hydro,H0147,South America,Brazil,BR,BRA,Capital Cost,CAPEX,USD/kW,Reservoir,"IRENA, 2023",5th percentile of costs between 2010-2015 and 2016-2022,From 2022 USD to 2023 USD = 1.03957,,,1380.54896,,,,,,,1218.37604,,,,,,
Hydro,H0148,North America,Central America and the Caribbean,,,Capital Cost,CAPEX,USD/kW,Reservoir,"IRENA, 2023",5th percentile of costs between 2010-2015 and 2016-2022,From 2022 USD to 2023 USD = 1.03957,,,1527.12833,,,,,,,1834.84105,,,,,,
Hydro,H0149,Asia,China,CN,CHN,Capital Cost,CAPEX,USD/kW,Reservoir,"IRENA, 2023",5th percentile of costs between 2010-2015 and 2016-2022,From 2022 USD to 2023 USD = 1.03957,,,971.99795,,,,,,,1074.91538,,,,,,
Hydro,H0150,Eurasia,Eurasia,,,Capital Cost,CAPEX,USD/kW,Reservoir,"IRENA, 2023",5th percentile of costs between 2010-2015 and 2016-2022,From 2022 USD to 2023 USD = 1.03957,,,1248.52357,,,,,,,1176.79324,,,,,,
Hydro,H0151,Europe,Europe,,,Capital Cost,CAPEX,USD/kW,Reservoir,"IRENA, 2023",5th percentile of costs between 2010-2015 and 2016-2022,From 2022 USD to 2023 USD = 1.03957,,,1487.62467,,,,,,,781.75664,,,,,,
Hydro,H0152,Asia,India,IN,IND,Capital Cost,CAPEX,USD/kW,Reservoir,"IRENA, 2023",5th percentile of costs between 2010-2015 and 2016-2022,From 2022 USD to 2023 USD = 1.03957,,,1085.31108,,,,,,,888.83235,,,,,,
Hydro,H0153,Middle East,Middle East,,,Capital Cost,CAPEX,USD/kW,Reservoir,"IRENA, 2023",5th percentile of costs between 2010-2015 and 2016-2022,From 2022 USD to 2023 USD = 1.03957,,,654.9291,,,,,,,1571.82984,,,,,,
Hydro,H0154,North America,North America,,,Capital Cost,CAPEX,USD/kW,Reservoir,"IRENA, 2023",5th percentile of costs between 2010-2015 and 2016-2022,From 2022 USD to 2023 USD = 1.03957,,,1360.79713,,,,,,,1423.17133,,,,,,
Hydro,H0155,Oceania ,Oceania,,,Capital Cost,CAPEX,USD/kW,Reservoir,"IRENA, 2023",5th percentile of costs between 2010-2015 and 2016-2022,From 2022 USD to 2023 USD = 1.03957,,,3061.53365,,,,,,,4591.78069,,,,,,
Hydro,H0156,Asia,Other Asia,,,Capital Cost,CAPEX,USD/kW,Reservoir,"IRENA, 2023",5th percentile of costs between 2010-2015 and 2016-2022,From 2022 USD to 2023 USD = 1.03957,,,1104.02334,,,,,,,1148.72485,,,,,,
Hydro,H0157,South America,Other South America,,,Capital Cost,CAPEX,USD/kW,Reservoir,"IRENA, 2023",5th percentile of costs between 2010-2015 and 2016-2022,From 2022 USD to 2023 USD = 1.03957,,,1227.73217,,,,,,,1762.07115,,,,,,
Hydro,H0158,Africa,Africa,,,Capital Cost,CAPEX,USD/kW,Reservoir,"IRENA, 2023",95th percentile of costs between 2010-2015 and 2016-2022,From 2022 USD to 2023 USD = 1.03957,,,5876.68921,,,,,,,7302.97925,,,,,,
Hydro,H0159,South America,Brazil,BR,BRA,Capital Cost,CAPEX,USD/kW,Reservoir,"IRENA, 2023",95th percentile of costs between 2010-2015 and 2016-2022,From 2022 USD to 2023 USD = 1.03957,,,5173.93989,,,,,,,3500.23219,,,,,,
Hydro,H0160,North America,Central America and the Caribbean,,,Capital Cost,CAPEX,USD/kW,Reservoir,"IRENA, 2023",95th percentile of costs between 2010-2015 and 2016-2022,From 2022 USD to 2023 USD = 1.03957,,,4581.38499,,,,,,,5113.64483,,,,,,
Hydro,H0161,Asia,China,CN,CHN,Capital Cost,CAPEX,USD/kW,Reservoir,"IRENA, 2023",95th percentile of costs between 2010-2015 and 2016-2022,From 2022 USD to 2023 USD = 1.03957,,,2011.56795,,,,,,,3766.36211,,,,,,
Hydro,H0162,Eurasia,Eurasia,,,Capital Cost,CAPEX,USD/kW,Reservoir,"IRENA, 2023",95th percentile of costs between 2010-2015 and 2016-2022,From 2022 USD to 2023 USD = 1.03957,,,4901.57255,,,,,,,3632.25758,,,,,,
Hydro,H0163,Europe,Europe,,,Capital Cost,CAPEX,USD/kW,Reservoir,"IRENA, 2023",95th percentile of costs between 2010-2015 and 2016-2022,From 2022 USD to 2023 USD = 1.03957,,,10253.27891,,,,,,,9181.48224,,,,,,
Hydro,H0164,Asia,India,IN,IND,Capital Cost,CAPEX,USD/kW,Reservoir,"IRENA, 2023",95th percentile of costs between 2010-2015 and 2016-2022,From 2022 USD to 2023 USD = 1.03957,,,3071.92935,,,,,,,3147.81796,,,,,,
Hydro,H0165,Middle East,Middle East,,,Capital Cost,CAPEX,USD/kW,Reservoir,"IRENA, 2023",95th percentile of costs between 2010-2015 and 2016-2022,From 2022 USD to 2023 USD = 1.03957,,,2575.01489,,,,,,,2939.90396,,,,,,
Hydro,H0166,North America,North America,,,Capital Cost,CAPEX,USD/kW,Reservoir,"IRENA, 2023",95th percentile of costs between 2010-2015 and 2016-2022,From 2022 USD to 2023 USD = 1.03957,,,7978.69975,,,,,,,15830.57196,,,,,,
Hydro,H0167,Oceania ,Oceania,,,Capital Cost,CAPEX,USD/kW,Reservoir,"IRENA, 2023",95th percentile of costs between 2010-2015 and 2016-2022,From 2022 USD to 2023 USD = 1.03957,,,5020.08353,,,,,,,4591.78069,,,,,,
Hydro,H0168,Asia,Other Asia,,,Capital Cost,CAPEX,USD/kW,Reservoir,"IRENA, 2023",95th percentile of costs between 2010-2015 and 2016-2022,From 2022 USD to 2023 USD = 1.03957,,,3294.39733,,,,,,,4382.82712,,,,,,
Hydro,H0169,South America,Other South America,,,Capital Cost,CAPEX,USD/kW,Reservoir,"IRENA, 2023",95th percentile of costs between 2010-2015 and 2016-2022,From 2022 USD to 2023 USD = 1.03957,,,4577.22671,,,,,,,6233.26172,,,,,,
Hydro,H0170,North America,United States of America,US,USA,Capital Cost,CAPEX,USD/kW,Reservoir,"EIA, 2020",,From 2019 USD to 2023 USD = 1.12020,,,,,,,5954.9832,,,,,,,,,
Hydro,H0171,North America,United States of America,US,USA,Fixed O&M,OPEX_F,USD/kW/yr,Reservoir,"EIA, 2020",,,,,,,,,29.86,,,,,,,,,
Hydro,H0172,North America,United States of America,US,USA,Lifetime,LIFETIME,Years,Reservoir,"EIA, 2020",,,,,,,,,50,,,,,,,,,
Hydro,H0173,North America,United States of America,US,USA,Construction Time,BUILDTIME,Years,Reservoir,"EIA, 2020",,,,,,,,,3,,,,,,,,,
Hydro,H0174,Europe,European Union,,,Capital Cost,CAPEX,USD/kW,Reservoir,"JRC, 2017",large scale low cost,From 2015 EUR to 2023 USD = 1.25458,,,1367.4922,,,,,1367.4922,,,,,,1367.4922,1367.4922,1367.4922
Hydro,H0175,Europe,European Union,,,Capital Cost,CAPEX,USD/kW,Reservoir,"JRC, 2017",large scale low cost,From 2015 EUR to 2023 USD = 1.25458,,,1367.4922,,,,,1367.4922,,,,,,1367.4922,1367.4922,1367.4922
Hydro,H0176,Europe,European Union,,,Capital Cost,CAPEX,USD/kW,Reservoir,"JRC, 2017",large scale low cost,From 2015 EUR to 2023 USD = 1.25458,,,1367.4922,,,,,1367.4922,,,,,,1354.9464,1354.9464,1342.4006
Hydro,H0177,Europe,European Union,,,Total O&M,OPEX_T,USD/kW/yr,Reservoir,"JRC, 2017",large scale low cost,From 2015 EUR to 2023 USD = 1.25458,,,6.2729,,,,,6.90019,,,,,,6.90019,6.90019,6.90019
Hydro,H0178,Europe,European Union,,,Capital Cost,CAPEX,USD/kW,Reservoir,"JRC, 2017",large scale high cost,From 2015 EUR to 2023 USD = 1.25458,,,4391.03,,,,,4391.03,,,,,,4378.4842,4378.4842,4365.9384
Hydro,H0179,Europe,European Union,,,Capital Cost,CAPEX,USD/kW,Reservoir,"JRC, 2017",large scale high cost,From 2015 EUR to 2023 USD = 1.25458,,,4391.03,,,,,4391.03,,,,,,4391.03,4391.03,4391.03
Hydro,H0180,Europe,European Union,,,Capital Cost,CAPEX,USD/kW,Reservoir,"JRC, 2017",large scale high cost,From 2015 EUR to 2023 USD = 1.25458,,,4391.03,,,,,4378.4842,,,,,,4353.3926,4340.8468,4315.7552
Hydro,H0181,Europe,European Union,,,Total O&M,OPEX_T,USD/kW/yr,Reservoir,"JRC, 2017",large scale high cost,From 2015 EUR to 2023 USD = 1.25458,,,22.58244,,,,,21.95515,,,,,,21.95515,21.95515,21.829692
Hydro,H0182,Europe,European Union,,,Capital Cost,CAPEX,USD/kW,Reservoir,"JRC, 2017",medium scale low cost,From 2015 EUR to 2023 USD = 1.25458,,,1768.9578,,,,,1768.9578,,,,,,1768.9578,1768.9578,1756.412
Hydro,H0183,Europe,European Union,,,Capital Cost,CAPEX,USD/kW,Reservoir,"JRC, 2017",medium scale low cost,From 2015 EUR to 2023 USD = 1.25458,,,1768.9578,,,,,1768.9578,,,,,,1768.9578,1768.9578,1768.9578
Hydro,H0184,Europe,European Union,,,Capital Cost,CAPEX,USD/kW,Reservoir,"JRC, 2017",medium scale low cost,From 2015 EUR to 2023 USD = 1.25458,,,1768.9578,,,,,1768.9578,,,,,,1756.412,1743.8662,1743.8662
Hydro,H0185,Europe,European Union,,,Total O&M,OPEX_T,USD/kW/yr,Reservoir,"JRC, 2017",medium scale low cost,From 2015 EUR to 2023 USD = 1.25458,,,8.78206,,,,,8.907518,,,,,,8.907518,8.907518,8.78206
Hydro,H0186,Europe,European Union,,,Capital Cost,CAPEX,USD/kW,Reservoir,"JRC, 2017",medium scale high cost,From 2015 EUR to 2023 USD = 1.25458,,,5018.32,,,,,5018.32,,,,,,5005.7742,5005.7742,4993.2284
Hydro,H0187,Europe,European Union,,,Capital Cost,CAPEX,USD/kW,Reservoir,"JRC, 2017",medium scale high cost,From 2015 EUR to 2023 USD = 1.25458,,,5018.32,,,,,5018.32,,,,,,5018.32,5018.32,5018.32
Hydro,H0188,Europe,European Union,,,Capital Cost,CAPEX,USD/kW,Reservoir,"JRC, 2017",medium scale high cost,From 2015 EUR to 2023 USD = 1.25458,,,5018.32,,,,,5005.7742,,,,,,4980.6826,4955.591,4930.4994
Hydro,H0189,Europe,European Union,,,Total O&M,OPEX_T,USD/kW/yr,Reservoir,"JRC, 2017",medium scale high cost,From 2015 EUR to 2023 USD = 1.25458,,,25.0916,,,,,25.0916,,,,,,25.0916,25.0916,24.966142
Hydro,H0190,Europe,European Union,,,Capital Cost,CAPEX,USD/kW,Reservoir,"JRC, 2017",Small scale low cost,From 2015 EUR to 2023 USD = 1.25458,,,2182.9692,,,,,2182.9692,,,,,,2182.9692,2170.4234,2170.4234
Hydro,H0191,Europe,European Union,,,Capital Cost,CAPEX,USD/kW,Reservoir,"JRC, 2017",Small scale low cost,From 2015 EUR to 2023 USD = 1.25458,,,2182.9692,,,,,2182.9692,,,,,,2182.9692,2182.9692,2182.9692
Hydro,H0192,Europe,European Union,,,Capital Cost,CAPEX,USD/kW,Reservoir,"JRC, 2017",Small scale low cost,From 2015 EUR to 2023 USD = 1.25458,,,2182.9692,,,,,2182.9692,,,,,,2170.4234,2157.8776,2145.3318
Hydro,H0193,Europe,European Union,,,Total O&M,OPEX_T,USD/kW/yr,Reservoir,"JRC, 2017",Small scale low cost,From 2015 EUR to 2023 USD = 1.25458,,,21.32786,,,,,21.829692,,,,,,21.829692,21.704234,21.704234
Hydro,H0194,Europe,European Union,,,Capital Cost,CAPEX,USD/kW,Reservoir,"JRC, 2017",Small scale high cost,From 2015 EUR to 2023 USD = 1.25458,,,6272.9,,,,,6272.9,,,,,,6260.3542,6247.8084,6247.8084
Hydro,H0195,Europe,European Union,,,Capital Cost,CAPEX,USD/kW,Reservoir,"JRC, 2017",Small scale high cost,From 2015 EUR to 2023 USD = 1.25458,,,6272.9,,,,,6272.9,,,,,,6272.9,3763.74,3763.74
Hydro,H0196,Europe,European Union,,,Capital Cost,CAPEX,USD/kW,Reservoir,"JRC, 2017",Small scale high cost,From 2015 EUR to 2023 USD = 1.25458,,,6272.9,,,,,6260.3542,,,,,,6222.7168,6197.6252,6159.9878
Hydro,H0197,Europe,European Union,,,Total O&M,OPEX_T,USD/kW/yr,Reservoir,"JRC, 2017",Small scale high cost,From 2015 EUR to 2023 USD = 1.25458,,,62.729,,,,,62.729,,,,,,62.603542,62.478084,62.478084
Hydro,H0198,Europe,European Union,,,Capital Cost,CAPEX,USD/kW,RoR,"JRC, 2017",Run of river,From 2015 EUR to 2023 USD = 1.25458,,,3763.74,,,,,3763.74,,,,,,3751.1942,3751.1942,3751.1942
Hydro,H0199,Europe,European Union,,,Capital Cost,CAPEX,USD/kW,RoR,"JRC, 2017",Run of river,From 2015 EUR to 2023 USD = 1.25458,,,3763.74,,,,,3763.74,,,,,,3763.74,3763.74,3763.74
Hydro,H0200,Europe,European Union,,,Capital Cost,CAPEX,USD/kW,RoR,"JRC, 2017",Run of river,From 2015 EUR to 2023 USD = 1.25458,,,3763.74,,,,,3751.1942,,,,,,3738.6484,3713.5568,3701.011
Hydro,H0201,Europe,European Union,,,Total O&M,OPEX_T,USD/kW/yr,RoR,"JRC, 2017",Run of river,From 2015 EUR to 2023 USD = 1.25458,,,18.8187,,,,,18.8187,,,,,,18.8187,18.8187,18.8187
Hydro,H0202,Asia,Lao People's Democratic Republic,LA,LAO,Capital Cost,CAPEX,USD/kW,Unspecified,"ASEAN Centre for Energy, 2019",Irrigation,From 2019 USD to 2023 USD = 1.12020,,,,,,,3114.156,,,,,,,,,
Hydro,H0203,Asia,Lao People's Democratic Republic,LA,LAO,Capital Cost,CAPEX,USD/kW,Unspecified,"ASEAN Centre for Energy, 2019",Irrigation,From 2019 USD to 2023 USD = 1.12020,,,,,,,1221.018,,,,,,,,,
Hydro,H0204,Asia,Thailand,TH,THA,Capital Cost,CAPEX,USD/kW,Unspecified,"ASEAN Centre for Energy, 2019",Irrigation,From 2019 USD to 2023 USD = 1.12020,,,,,,,2755.692,,,,,,,,,
Hydro,H0205,Asia,Thailand,TH,THA,Capital Cost,CAPEX,USD/kW,Unspecified,"ASEAN Centre for Energy, 2019",Irrigation,From 2019 USD to 2023 USD = 1.12020,,,,,,,572.4222,,,,,,,,,
Hydro,H0206,Asia,Viet Nam,VN,VNM,Capital Cost,CAPEX,USD/kW,Unspecified,"ASEAN Centre for Energy, 2019",Irrigation,From 2019 USD to 2023 USD = 1.12020,,,,,,,1949.148,,,,,,,,,
Hydro,H0207,Asia,Viet Nam,VN,VNM,Capital Cost,CAPEX,USD/kW,Unspecified,"ASEAN Centre for Energy, 2019",Irrigation,From 2019 USD to 2023 USD = 1.12020,,,,,,,1321.836,,,,,,,,,
Hydro,H0208,Asia,Indonesia,ID,IDN,Capital Cost,CAPEX,USD/kW,Unspecified,"ASEAN Centre for Energy, 2019",Non-irrigation,From 2019 USD to 2023 USD = 1.12020,,,,,,,3573.438,,,,,,,,,
Hydro,H0209,Asia,Indonesia,ID,IDN,Capital Cost,CAPEX,USD/kW,Unspecified,"ASEAN Centre for Energy, 2019",Non-irrigation,From 2019 USD to 2023 USD = 1.12020,,,,,,,896.16,,,,,,,,,
Hydro,H0210,Asia,Malaysia,MY,MYS,Capital Cost,CAPEX,USD/kW,Unspecified,"ASEAN Centre for Energy, 2019",Non-irrigation,From 2019 USD to 2023 USD = 1.12020,,,,,,,3450.216,,,,,,,,,
Hydro,H0211,Asia,Malaysia,MY,MYS,Capital Cost,CAPEX,USD/kW,Unspecified,"ASEAN Centre for Energy, 2019",Non-irrigation,From 2019 USD to 2023 USD = 1.12020,,,,,,,1523.472,,,,,,,,,
Hydro,H0212,Asia,Myanmar,MM,MMR,Capital Cost,CAPEX,USD/kW,Unspecified,"ASEAN Centre for Energy, 2019",Non-irrigation,From 2019 USD to 2023 USD = 1.12020,,,,,,,2240.4,,,,,,,,,
Hydro,H0213,Asia,Myanmar,MM,MMR,Capital Cost,CAPEX,USD/kW,Unspecified,"ASEAN Centre for Energy, 2019",Non-irrigation,From 2019 USD to 2023 USD = 1.12020,,,,,,,1221.018,,,,,,,,,
Hydro,H0214,North America,United States of America,US,USA,Capital Cost,CAPEX,USD/kW,Unspecified,"EIA, 2023",Cost of least expensive plant that could be built in the Northwest region of the US,From 2022 USD to 2023 USD = 1.03957,,,,,,,,,,3556.36897,,,,,,
Hydro,H0215,North America,United States of America,US,USA,Total O&M,OPEX_T,USD/kW/yr,Unspecified,"EIA, 2023",Cost of least expensive plant that could be built in the Northwest region of the US,From 2022 USD to 2023 USD = 1.03957,,,,,,,,,,48.9117685,,,,,,
Hydro,H0216,North America,United States of America,US,USA,Variable O&M,OPEX_V,USD/MWh,Unspecified,"EIA, 2023",Cost of least expensive plant that could be built in the Northwest region of the US,From 2022 USD to 2023 USD = 1.03957,,,,,,,,,,1.6321249,,,,,,
Hydro,H0217,North America,United States of America,US,USA,Construction Time,BUILDTIME,Years,Unspecified,"EIA, 2023",Cost of least expensive plant that could be built in the Northwest region of the US,,,,,,,,,,,4,,,,,,
Hydro,H0218,North America,United States of America,US,USA,Capital Cost,CAPEX,USD/kW,Storage,"EIA, 2024",New Stream Reach Development - 100 MW,In 2023 USD,,,,,,,,,,,7073,,,,,
Hydro,H0219,North America,United States of America,US,USA,Total O&M,OPEX_T,USD/kW/yr,Storage,"EIA, 2024",New Stream Reach Development,In 2023 USD,,,,,,,,,,,33.4,,,,,
Hydro,H0220,North America,United States of America,US,USA,Construction Time,BUILDTIME,Years,Storage,"EIA, 2024","New Stream Reach Development, 36 months Development, permitting, engineering + 36 months physical construction + 72 months lead time before generating energy ",In 2023 USD,,,,,,,,,,,12,,,,,
Hydro,H0221,North America,United States of America,US,USA,Lifetime,LIFETIME,Years,Storage,"EIA, 2024",New Stream Reach Development,In 2023 USD,,,,,,,,,,,50,,,,,
Hydro,H0222,North America,United States of America,US,USA,Capital Cost,CAPEX,USD/kW,Storage,"EIA, 2024",New Stream Reach Development - 100 MW,In 2023 USD,,,,,,,,,,,5316,,,,,
Hydro,H0223,Europe,United Kingdom,GB,GBR,Lifetime,LIFETIME,Years,Storage,"DESNZ, 2023",,,,,,,,,,,,,,,41,41,41,
Hydro,H0224,Europe,United Kingdom,GB,GBR,Lifetime,LIFETIME,Years,Unspecified,"DESNZ, 2023",,,,,,,,,,,,,,,41,41,41,
Hydro,H0225,Europe,United Kingdom,GB,GBR,Construction Time,BUILDTIME,Years,Storage,"DESNZ, 2023",Becomes 4 years with pre-development time,,,,,,,,,,,,,,2,2,2,
Hydro,H0226,Europe,United Kingdom,GB,GBR,Construction Time,BUILDTIME,Years,Unspecified,"DESNZ, 2023",Becomes 4 years with pre-development time,,,,,,,,,,,,,,2,2,2,
Hydro,H0227,Europe,United Kingdom,GB,GBR,Capital Cost,CAPEX,USD/kW,Storage,"DESNZ, 2023",,From 2021 GBP to 2023 USD = 1.275538,,,,,,,,,,,,,4796.02288,4796.02288,4796.02288,
Hydro,H0228,Europe,United Kingdom,GB,GBR,Capital Cost,CAPEX,USD/kW,Unspecified,"DESNZ, 2023",Low scenario,From 2021 GBP to 2023 USD = 1.275538,,,,,,,,,,,,,2359.7453,2359.7453,2359.7453,
Hydro,H0229,Europe,United Kingdom,GB,GBR,Capital Cost,CAPEX,USD/kW,Unspecified,"DESNZ, 2023",Mid scenario,From 2021 GBP to 2023 USD = 1.275538,,,,,,,,,,,,,4413.36148,4413.36148,4413.36148,
Hydro,H0230,Europe,United Kingdom,GB,GBR,Capital Cost,CAPEX,USD/kW,Unspecified,"DESNZ, 2023",High scenario,From 2021 GBP to 2023 USD = 1.275538,,,,,,,,,,,,,4910.8213,4910.8213,4910.8213,
Hydro,H0231,Europe,United Kingdom,GB,GBR,Fixed O&M,OPEX_F,USD/kW/yr,Storage,"DESNZ, 2023",,From 2021 GBP to 2023 USD = 1.275538,,,,,,,,,,,,,37.3732634,37.3732634,37.3732634,
Hydro,H0232,Europe,United Kingdom,GB,GBR,Fixed O&M,OPEX_F,USD/kW/yr,Unspecified,"DESNZ, 2023",,From 2021 GBP to 2023 USD = 1.275538,,,,,,,,,,,,,65.690207,65.690207,65.690207,
Hydro,H0233,Europe,United Kingdom,GB,GBR,Variable O&M,OPEX_V,USD/MWh,Storage,"DESNZ, 2023",,From 2021 GBP to 2023 USD = 1.275538,,,,,,,,,,,,,8.928766,8.928766,8.928766,
Hydro,H0234,Europe,United Kingdom,GB,GBR,Variable O&M,OPEX_V,USD/MWh,Unspecified,"DESNZ, 2023",,From 2021 GBP to 2023 USD = 1.275538,,,,,,,,,,,,,5.102152,5.102152,5.102152,
Hydro,H0235,Europe,United Kingdom,GB,GBR,Cost of Capital,WACC,%,Storage,"DESNZ, 2023",,From 2021 GBP to 2023 USD = 1.275538,,,,,,,,,,,,,0.068879052,0.068879052,0.068879052,
Hydro,H0236,Europe,United Kingdom,GB,GBR,Cost of Capital,WACC,%,Unspecified,"DESNZ, 2023",,From 2021 GBP to 2023 USD = 1.275538,,,,,,,,,,,,,0.068879052,0.068879052,0.068879052,
Hydro,H0237,North America,North America,,,Capital Cost,CAPEX,USD/kW,Unspecified,"DNV, 2023",,In 2023 USD,,,,,,,,,,5197.689933,5258.108274,5297.182763,5353.443066,5887.695759,5905.758163,5905.693337
Hydro,H0238,South America,South America,,,Capital Cost,CAPEX,USD/kW,Unspecified,"DNV, 2023",,In 2023 USD,,,,,,,,,,2610.884926,2628.125936,2638.86023,2642.242743,2666.037844,2719.024267,2849.471917
Hydro,H0239,Europe,Europe,,,Capital Cost,CAPEX,USD/kW,Unspecified,"DNV, 2023",,In 2023 USD,,,,,,,,,,5168.800137,5286.912314,5385.383526,5421.937998,5608.188608,5609.540714,5609.39883
Hydro,H0240,Middle East,MENA,,,Capital Cost,CAPEX,USD/kW,Unspecified,"DNV, 2023",,In 2023 USD,,,,,,,,,,2569.633229,2595.133126,2622.211451,2664.796994,2949.076868,4802.516176,4977.720135
Hydro,H0241,Europe,Russian Federation & FSU,RU,RUS,Capital Cost,CAPEX,USD/kW,Unspecified,"DNV, 2023",,In 2023 USD,,,,,,,,,,1411.580528,1412.079981,1412.364766,1412.521114,1413.378963,1415.817212,1420.089038
Hydro,H0242,Asia,China,CN,CHN,Capital Cost,CAPEX,USD/kW,Unspecified,"DNV, 2023",,In 2023 USD,,,,,,,,,,2262.850557,2300.586145,2376.049396,2403.498247,2838.077885,2838.910766,2838.901267
Hydro,H0243,Asia,India,IN,IND,Capital Cost,CAPEX,USD/kW,Unspecified,"DNV, 2023",,In 2023 USD,,,,,,,,,,2061.286588,2103.260767,2134.113711,2183.300865,3432.877658,4012.079608,4151.292581
Hydro,H0244,Asia,South East Asia,,,Capital Cost,CAPEX,USD/kW,Unspecified,"DNV, 2023",,In 2023 USD,,,,,,,,,,1556.113655,1579.961596,1621.567433,1629.444114,1813.497288,3005.997122,3180.956737
Hydro,H0245,Asia,OECD Asia & Oceania,,,Capital Cost,CAPEX,USD/kW,Unspecified,"DNV, 2023",,In 2023 USD,,,,,,,,,,2864.685739,2953.490207,2997.793297,3065.039798,3155.101018,3309.296254,3543.265052
Hydro,H0246,Europe,European Union,,,Lifetime,LIFETIME,Years,Unspecified,"ASSET, 2018",,,,,,,,,,50,,,,,,50,50,50
Hydro,H0247,Europe,European Union,,,Capital Cost,CAPEX,USD/kW,Unspecified,"ASSET, 2018",,From 2018 EUR to 2023 USD = 1.21197,,,,,,,,3635.91,,,,,,3635.91,3635.91,3635.91
Hydro,H0248,Europe,European Union,,,Fixed O&M,OPEX_F,USD/kW/yr,Unspecified,"ASSET, 2018",,From 2018 EUR to 2023 USD = 1.21197,,,,,,,,30.905235,,,,,,30.905235,30.905235,30.905235
Hydro,H0249,Europe,European Union,,,Variable O&M,OPEX_V,USD/MWh,Unspecified,"ASSET, 2018",,From 2018 EUR to 2023 USD = 1.21197,,,,,,,,0.3878304,,,,,,0.3878304,0.3878304,0.3878304
Hydro,H0250,Europe,European Union,,,Lifetime,LIFETIME,Years,RoR,"ASSET, 2018",,,,,,,,,,60,,,,,,60,60,60
Hydro,H0251,Europe,European Union,,,Capital Cost,CAPEX,USD/kW,RoR,"ASSET, 2018",,From 2018 EUR to 2023 USD = 1.21197,,,,,,,,2969.3265,,,,,,2908.728,2848.1295,2787.531
Hydro,H0252,Europe,European Union,,,Fixed O&M,OPEX_F,USD/kW/yr,RoR,"ASSET, 2018",,From 2018 EUR to 2023 USD = 1.21197,,,,,,,,10.786533,,,,,,9.938154,9.938154,9.816957
Hydro,H0253,Europe,European Union,,,Variable O&M,OPEX_V,USD/MWh,RoR,"ASSET, 2018",,From 2018 EUR to 2023 USD = 1.21197,,,,,,,,0,,,,,,0,0,0
